Country,geo_x,fuel,nrg_bal,unit,Year,Consumption,Population,Consumption_per_capita_TOE
Albania,AL,Total (all energy products combined),FC_E,KTOE,2013,1961.871,2897770.0,0.677027852452058
Albania,AL,Total (all energy products combined),FC_E,KTOE,2014,2058.574,2892394.0,0.7117197726174235
Albania,AL,Total (all energy products combined),FC_E,KTOE,2015,1962.498,2885796.0,0.6800543073730784
Albania,AL,Total (all energy products combined),FC_E,KTOE,2016,1899.558,2875592.0,0.6605798040890363
Albania,AL,Total (all energy products combined),FC_E,KTOE,2017,2078.928,2876591.0,0.7227054523913897
Albania,AL,Total (all energy products combined),FC_E,KTOE,2018,2134.212,2870324.0,0.7435439344129792
Albania,AL,Total (all energy products combined),FC_E,KTOE,2019,2053.036,2862427.0,0.71723610768065
Albania,AL,Total (all energy products combined),FC_E,KTOE,2020,1840.668,2845955.0,0.646766375434608
Albania,AL,Total (all energy products combined),FC_E,KTOE,2021,2012.504,2829741.0,0.7111972438466984
Albania,AL,Total (all energy products combined),FC_E,KTOE,2022,1958.847,2793592.0,0.7011929444242395
Albania,AL,Total (all energy products combined),FC_E,KTOE,2023,1883.5,2761785.0,0.681986468896022
Austria,AT,Total (all energy products combined),FC_E,KTOE,2013,25801.476,8451860.0,3.052757144581193
Austria,AT,Total (all energy products combined),FC_E,KTOE,2014,24760.998,8507786.0,2.9103926685509016
Austria,AT,Total (all energy products combined),FC_E,KTOE,2015,25475.009,8584926.0,2.967411600286362
Austria,AT,Total (all energy products combined),FC_E,KTOE,2016,26099.472,8700471.0,2.9997769086294293
Austria,AT,Total (all energy products combined),FC_E,KTOE,2017,26502.78,8772865.0,3.0209948517388563
Austria,AT,Total (all energy products combined),FC_E,KTOE,2018,26042.437,8822267.0,2.9518985312958677
Austria,AT,Total (all energy products combined),FC_E,KTOE,2019,26221.621,8858775.0,2.9599601525041557
Austria,AT,Total (all energy products combined),FC_E,KTOE,2020,25006.898,8901064.0,2.809427951534783
Austria,AT,Total (all energy products combined),FC_E,KTOE,2021,26434.142,8932664.0,2.9592674704880872
Austria,AT,Total (all energy products combined),FC_E,KTOE,2022,25171.124,8978929.0,2.803354832185442
Austria,AT,Total (all energy products combined),FC_E,KTOE,2023,24317.76,9104772.0,2.670880720571586
Austria,AT,Total (all energy products combined),FC_E,KTOE,2024,24018.564,9158750.0,2.6224718438651564
Belgium,BE,Total (all energy products combined),FC_E,KTOE,2013,34011.623,11137974.0,3.0536633502645993
Belgium,BE,Total (all energy products combined),FC_E,KTOE,2014,31552.075,11180840.0,2.8219771501962287
Belgium,BE,Total (all energy products combined),FC_E,KTOE,2015,33134.556,11237274.0,2.9486293561943935
Belgium,BE,Total (all energy products combined),FC_E,KTOE,2016,33384.527,11311117.0,2.951479239406683
Belgium,BE,Total (all energy products combined),FC_E,KTOE,2017,32929.156,11351727.0,2.900805842141905
Belgium,BE,Total (all energy products combined),FC_E,KTOE,2018,33138.244,11398589.0,2.9072233414153277
Belgium,BE,Total (all energy products combined),FC_E,KTOE,2019,32438.375,11455519.0,2.8316809565764762
Belgium,BE,Total (all energy products combined),FC_E,KTOE,2020,31155.401,11522440.0,2.703889193608298
Belgium,BE,Total (all energy products combined),FC_E,KTOE,2021,33307.465,11554767.0,2.882573486769573
Belgium,BE,Total (all energy products combined),FC_E,KTOE,2022,30522.671,11617623.0,2.627273324328049
Belgium,BE,Total (all energy products combined),FC_E,KTOE,2023,30043.254,11742796.0,2.558441277528793
Belgium,BE,Total (all energy products combined),FC_E,KTOE,2024,30741.348,11817096.0,2.601429995999017
Bulgaria,BG,Total (all energy products combined),FC_E,KTOE,2013,8680.757,7202556.0,1.205232836787385
Bulgaria,BG,Total (all energy products combined),FC_E,KTOE,2014,8881.501,7117453.0,1.247848211993813
Bulgaria,BG,Total (all energy products combined),FC_E,KTOE,2015,9388.553,7029690.0,1.3355571867322742
Bulgaria,BG,Total (all energy products combined),FC_E,KTOE,2016,9517.949,6938759.0,1.3717076785632705
Bulgaria,BG,Total (all energy products combined),FC_E,KTOE,2017,9745.903,6849518.0,1.422859681513356
Bulgaria,BG,Total (all energy products combined),FC_E,KTOE,2018,9757.67,6757418.0,1.4439938449863543
Bulgaria,BG,Total (all energy products combined),FC_E,KTOE,2019,9719.6,6664177.0,1.4584846711004225
Bulgaria,BG,Total (all energy products combined),FC_E,KTOE,2020,9499.659,6569275.0,1.4460741862686521
Bulgaria,BG,Total (all energy products combined),FC_E,KTOE,2021,10165.77,6532117.0,1.5562749411867547
Bulgaria,BG,Total (all energy products combined),FC_E,KTOE,2022,9856.902,6482484.0,1.5205439766607984
Bulgaria,BG,Total (all energy products combined),FC_E,KTOE,2023,9607.139,6447710.0,1.490007925294407
Bulgaria,BG,Total (all energy products combined),FC_E,KTOE,2024,9845.891,6445481.0,1.5275649714893271
Croatia,HR,Total (all energy products combined),FC_E,KTOE,2013,6467.843,4247803.0,1.5226325232125877
Croatia,HR,Total (all energy products combined),FC_E,KTOE,2014,6130.555,4217632.0,1.4535537951153634
Croatia,HR,Total (all energy products combined),FC_E,KTOE,2015,6484.974,4180915.0,1.5510896538197978
Croatia,HR,Total (all energy products combined),FC_E,KTOE,2016,6533.115,4131115.0,1.5814410879387284
Croatia,HR,Total (all energy products combined),FC_E,KTOE,2017,6793.042,4078769.0,1.6654637710544529
Croatia,HR,Total (all energy products combined),FC_E,KTOE,2018,6682.876,4014341.0,1.6647504534368156
Croatia,HR,Total (all energy products combined),FC_E,KTOE,2019,6726.814,3968676.0,1.6949768638205789
Croatia,HR,Total (all energy products combined),FC_E,KTOE,2020,6432.449,3933511.0,1.6352945244083466
Croatia,HR,Total (all energy products combined),FC_E,KTOE,2021,6887.646,3893026.0,1.7692268173908934
Croatia,HR,Total (all energy products combined),FC_E,KTOE,2022,6719.174,3862305.0,1.7396798026049212
Croatia,HR,Total (all energy products combined),FC_E,KTOE,2023,6924.509,3850894.0,1.7981562203477945
Croatia,HR,Total (all energy products combined),FC_E,KTOE,2024,7171.381,3861967.0,1.856924463621776
Cyprus,CY,Total (all energy products combined),FC_E,KTOE,2013,1372.455,862854.0,1.5905993366201003
Cyprus,CY,Total (all energy products combined),FC_E,KTOE,2014,1377.348,860032.0,1.6015078508706653
Cyprus,CY,Total (all energy products combined),FC_E,KTOE,2015,1423.923,860846.0,1.6540972485206413
Cyprus,CY,Total (all energy products combined),FC_E,KTOE,2016,1490.606,863764.0,1.725709800362136
Cyprus,CY,Total (all energy products combined),FC_E,KTOE,2017,1551.546,869878.0,1.7836363260135328
Cyprus,CY,Total (all energy products combined),FC_E,KTOE,2018,1581.273,878601.0,1.799762349462384
Cyprus,CY,Total (all energy products combined),FC_E,KTOE,2019,1626.652,890194.0,1.8273005659440527
Cyprus,CY,Total (all energy products combined),FC_E,KTOE,2020,1525.932,902429.0,1.6909164045038447
Cyprus,CY,Total (all energy products combined),FC_E,KTOE,2021,1584.965,914476.0,1.7331947475931573
Cyprus,CY,Total (all energy products combined),FC_E,KTOE,2022,1609.596,929764.0,1.7311876992441093
Cyprus,CY,Total (all energy products combined),FC_E,KTOE,2023,1619.051,949084.0,1.7059090660046952
Cyprus,CY,Total (all energy products combined),FC_E,KTOE,2024,1658.1,966365.0,1.715811313530602
Czechia,CZ,Total (all energy products combined),FC_E,KTOE,2013,23131.377,10516125.0,2.1996103127340154
Czechia,CZ,Total (all energy products combined),FC_E,KTOE,2014,22445.593,10512419.0,2.1351501495516874
Czechia,CZ,Total (all energy products combined),FC_E,KTOE,2015,23100.094,10538275.0,2.192018522955607
Czechia,CZ,Total (all energy products combined),FC_E,KTOE,2016,23695.026,10553843.0,2.2451561957099417
Czechia,CZ,Total (all energy products combined),FC_E,KTOE,2017,24445.396,10578820.0,2.310786647282022
Czechia,CZ,Total (all energy products combined),FC_E,KTOE,2018,24190.964,10610055.0,2.2800036380584268
Czechia,CZ,Total (all energy products combined),FC_E,KTOE,2019,24227.514,10649800.0,2.274926665289489
Czechia,CZ,Total (all energy products combined),FC_E,KTOE,2020,23765.017,10693939.0,2.2222884383387638
Czechia,CZ,Total (all energy products combined),FC_E,KTOE,2021,25296.928,10494836.0,2.4104167039866082
Czechia,CZ,Total (all energy products combined),FC_E,KTOE,2022,24143.402,10516707.0,2.2957188024730555
Czechia,CZ,Total (all energy products combined),FC_E,KTOE,2023,22730.008,10827529.0,2.099279346192469
Czechia,CZ,Total (all energy products combined),FC_E,KTOE,2024,22593.373,10900555.0,2.0726809781703777
Denmark,DK,Total (all energy products combined),FC_E,KTOE,2013,13645.528,5602628.0,2.4355584557818224
Denmark,DK,Total (all energy products combined),FC_E,KTOE,2014,13121.444,5627235.0,2.3317746637558234
Denmark,DK,Total (all energy products combined),FC_E,KTOE,2015,13558.927,5659715.0,2.395690772415219
Denmark,DK,Total (all energy products combined),FC_E,KTOE,2016,13926.869,5707251.0,2.440206151788313
Denmark,DK,Total (all energy products combined),FC_E,KTOE,2017,13999.863,5748769.0,2.4352801443230714
Denmark,DK,Total (all energy products combined),FC_E,KTOE,2018,13971.01,5781190.0,2.4166322158586726
Denmark,DK,Total (all energy products combined),FC_E,KTOE,2019,13725.14,5806081.0,2.3639249951903873
Denmark,DK,Total (all energy products combined),FC_E,KTOE,2020,13233.152,5822763.0,2.2726585299796676
Denmark,DK,Total (all energy products combined),FC_E,KTOE,2021,13930.625,5840045.0,2.3853626127880863
Denmark,DK,Total (all energy products combined),FC_E,KTOE,2022,13024.947,5873420.0,2.2176086504966444
Denmark,DK,Total (all energy products combined),FC_E,KTOE,2023,12957.952,5932654.0,2.184174570099655
Denmark,DK,Total (all energy products combined),FC_E,KTOE,2024,12665.8,5961249.0,2.124688970381878
Estonia,EE,Total (all energy products combined),FC_E,KTOE,2013,2840.316,1320174.0,2.1514709424666747
Estonia,EE,Total (all energy products combined),FC_E,KTOE,2014,2774.349,1315819.0,2.108457926204136
Estonia,EE,Total (all energy products combined),FC_E,KTOE,2015,2750.345,1314870.0,2.0917238966589853
Estonia,EE,Total (all energy products combined),FC_E,KTOE,2016,2794.835,1315944.0,2.1238251779710993
Estonia,EE,Total (all energy products combined),FC_E,KTOE,2017,2807.413,1315635.0,2.1338843980283286
Estonia,EE,Total (all energy products combined),FC_E,KTOE,2018,2888.098,1319133.0,2.189391062159767
Estonia,EE,Total (all energy products combined),FC_E,KTOE,2019,2826.061,1324820.0,2.1331660150058123
Estonia,EE,Total (all energy products combined),FC_E,KTOE,2020,2725.496,1328976.0,2.0508240931363697
Estonia,EE,Total (all energy products combined),FC_E,KTOE,2021,2789.658,1330068.0,2.097379983579787
Estonia,EE,Total (all energy products combined),FC_E,KTOE,2022,2720.738,1331796.0,2.0429089740470765
Estonia,EE,Total (all energy products combined),FC_E,KTOE,2023,2565.334,1365884.0,1.8781492425418265
Estonia,EE,Total (all energy products combined),FC_E,KTOE,2024,3014.924,1374687.0,2.1931712455271635
Finland,FI,Total (all energy products combined),FC_E,KTOE,2013,23561.862,5426674.0,4.34186059453728
Finland,FI,Total (all energy products combined),FC_E,KTOE,2014,23416.963,5451270.0,4.295689444844963
Finland,FI,Total (all energy products combined),FC_E,KTOE,2015,23049.777,5471753.0,4.212503195959321
Finland,FI,Total (all energy products combined),FC_E,KTOE,2016,24030.895,5487308.0,4.379359605839512
Finland,FI,Total (all energy products combined),FC_E,KTOE,2017,24677.948,5503297.0,4.484211555363993
Finland,FI,Total (all energy products combined),FC_E,KTOE,2018,25023.526,5513130.0,4.538896416373277
Finland,FI,Total (all energy products combined),FC_E,KTOE,2019,24828.655,5517919.0,4.499641078457295
Finland,FI,Total (all energy products combined),FC_E,KTOE,2020,23246.091,5525292.0,4.207214930903199
Finland,FI,Total (all energy products combined),FC_E,KTOE,2021,24805.313,5533793.0,4.482515518740943
Finland,FI,Total (all energy products combined),FC_E,KTOE,2022,23156.731,5548241.0,4.17370676580199
Finland,FI,Total (all energy products combined),FC_E,KTOE,2023,22434.316,5563970.0,4.032069906918981
Finland,FI,Total (all energy products combined),FC_E,KTOE,2024,22524.256,5603851.0,4.019424499330906
France,FR,Total (all energy products combined),FC_E,KTOE,2013,150084.794,65600350.0,2.287865750716269
France,FR,Total (all energy products combined),FC_E,KTOE,2014,138464.13,66165980.0,2.092678594044855
France,FR,Total (all energy products combined),FC_E,KTOE,2015,141654.105,66458153.0,2.13147821005498
France,FR,Total (all energy products combined),FC_E,KTOE,2016,144673.408,66638391.0,2.1710219263847472
France,FR,Total (all energy products combined),FC_E,KTOE,2017,143692.884,66809816.0,2.150775029824959
France,FR,Total (all energy products combined),FC_E,KTOE,2018,141706.899,67026224.0,2.1142008387642424
France,FR,Total (all energy products combined),FC_E,KTOE,2019,140050.04,67290471.0,2.081275965507806
France,FR,Total (all energy products combined),FC_E,KTOE,2020,128595.5,67473651.0,1.9058624825266977
France,FR,Total (all energy products combined),FC_E,KTOE,2021,141001.031,67728568.0,2.0818546023296993
France,FR,Total (all energy products combined),FC_E,KTOE,2022,134137.527,68091703.0,1.969954063272584
France,FR,Total (all energy products combined),FC_E,KTOE,2023,129009.684,68277210.0,1.8894984724771267
France,FR,Total (all energy products combined),FC_E,KTOE,2024,129266.767,68467362.0,1.8880056602735769
Georgia,GE,Total (all energy products combined),FC_E,KTOE,2014,3796.823,4490498.0,0.8455238149532636
Georgia,GE,Total (all energy products combined),FC_E,KTOE,2015,3919.153,3729500.0,1.0508521249497251
Georgia,GE,Total (all energy products combined),FC_E,KTOE,2016,4165.671,3720400.0,1.1196836361681541
Georgia,GE,Total (all energy products combined),FC_E,KTOE,2017,4212.4,3718200.0,1.1329137754827605
Georgia,GE,Total (all energy products combined),FC_E,KTOE,2018,4155.102,3729633.0,1.1140779803267506
Georgia,GE,Total (all energy products combined),FC_E,KTOE,2019,4266.538,3723464.0,1.145851819703373
Georgia,GE,Total (all energy products combined),FC_E,KTOE,2020,4188.821,3716858.0,1.126979023680754
Georgia,GE,Total (all energy products combined),FC_E,KTOE,2021,4643.943,3728573.0,1.2455014290990145
Georgia,GE,Total (all energy products combined),FC_E,KTOE,2022,4900.447,3688647.0,1.3285215419095402
Georgia,GE,Total (all energy products combined),FC_E,KTOE,2023,4900.447,3736357.0,1.3115574876811824
Germany,DE,Total (all energy products combined),FC_E,KTOE,2013,208057.421,80523746.0,2.583802062561769
Germany,DE,Total (all energy products combined),FC_E,KTOE,2014,197229.019,80767463.0,2.4419365382319858
Germany,DE,Total (all energy products combined),FC_E,KTOE,2015,200031.296,81197537.0,2.4635143304900984
Germany,DE,Total (all energy products combined),FC_E,KTOE,2016,203666.981,82175684.0,2.478433656846714
Germany,DE,Total (all energy products combined),FC_E,KTOE,2017,204512.293,82521653.0,2.478286432289474
Germany,DE,Total (all energy products combined),FC_E,KTOE,2018,200684.593,82792351.0,2.4239508913087877
Germany,DE,Total (all energy products combined),FC_E,KTOE,2019,200804.342,83019213.0,2.41876952025551
Germany,DE,Total (all energy products combined),FC_E,KTOE,2020,194248.055,83166711.0,2.3356467108576653
Germany,DE,Total (all energy products combined),FC_E,KTOE,2021,197419.082,83155031.0,2.374108693435518
Germany,DE,Total (all energy products combined),FC_E,KTOE,2022,189698.421,83237124.0,2.279012198931813
Germany,DE,Total (all energy products combined),FC_E,KTOE,2023,179048.225,83118501.0,2.154132026514771
Germany,DE,Total (all energy products combined),FC_E,KTOE,2024,177645.951,83456045.0,2.1286169384135087
Greece,EL,Total (all energy products combined),FC_E,KTOE,2013,14668.337,11003615.0,1.333047094068631
Greece,EL,Total (all energy products combined),FC_E,KTOE,2014,14804.112,10926807.0,1.3548433682410608
Greece,EL,Total (all energy products combined),FC_E,KTOE,2015,15741.021,10858018.0,1.4497140269982975
Greece,EL,Total (all energy products combined),FC_E,KTOE,2016,15867.95,10783748.0,1.47146891785676
Greece,EL,Total (all energy products combined),FC_E,KTOE,2017,15708.524,10768193.0,1.4587892323252378
Greece,EL,Total (all energy products combined),FC_E,KTOE,2018,15141.636,10741165.0,1.4096828416656852
Greece,EL,Total (all energy products combined),FC_E,KTOE,2019,15386.999,10724599.0,1.4347388652946371
Greece,EL,Total (all energy products combined),FC_E,KTOE,2020,14470.268,10718565.0,1.3500191490185487
Greece,EL,Total (all energy products combined),FC_E,KTOE,2021,14911.94,10678632.0,1.3964279319673156
Greece,EL,Total (all energy products combined),FC_E,KTOE,2022,15417.864,10461627.0,1.4737539390383543
Greece,EL,Total (all energy products combined),FC_E,KTOE,2023,15036.022,10413982.0,1.443830227476867
Greece,EL,Total (all energy products combined),FC_E,KTOE,2024,15620.817,10400720.0,1.5018976570852787
Hungary,HU,Total (all energy products combined),FC_E,KTOE,2013,16255.431,9895250.0,1.6427509158434603
Hungary,HU,Total (all energy products combined),FC_E,KTOE,2014,15775.708,9850217.0,1.6015594377260927
Hungary,HU,Total (all energy products combined),FC_E,KTOE,2015,16829.628,9815858.0,1.7145345827129936
Hungary,HU,Total (all energy products combined),FC_E,KTOE,2016,17274.354,9779652.0,1.7663567169874757
Hungary,HU,Total (all energy products combined),FC_E,KTOE,2017,17874.513,9739857.0,1.8351925495415384
Hungary,HU,Total (all energy products combined),FC_E,KTOE,2018,17849.381,9713655.0,1.837555585410435
Hungary,HU,Total (all energy products combined),FC_E,KTOE,2019,17968.801,9700272.0,1.8524017677030087
Hungary,HU,Total (all energy products combined),FC_E,KTOE,2020,17606.514,9689376.0,1.8170947231276813
Hungary,HU,Total (all energy products combined),FC_E,KTOE,2021,18793.605,9651461.0,1.947229025740248
Hungary,HU,Total (all energy products combined),FC_E,KTOE,2022,17944.792,9610403.0,1.8672257552570897
Hungary,HU,Total (all energy products combined),FC_E,KTOE,2023,16541.255,9599744.0,1.7230933449891999
Hungary,HU,Total (all energy products combined),FC_E,KTOE,2024,16607.21,9584627.0,1.7326923624675221
Iceland,IS,Total (all energy products combined),FC_E,KTOE,2013,2706.726,321857.0,8.40971611616339
Iceland,IS,Total (all energy products combined),FC_E,KTOE,2014,2739.703,325671.0,8.412486834873231
Iceland,IS,Total (all energy products combined),FC_E,KTOE,2015,2848.624,329100.0,8.655800668489821
Iceland,IS,Total (all energy products combined),FC_E,KTOE,2016,2801.368,332529.0,8.424432154789507
Iceland,IS,Total (all energy products combined),FC_E,KTOE,2017,2848.956,338349.0,8.420169706427387
Iceland,IS,Total (all energy products combined),FC_E,KTOE,2018,3078.878,348450.0,8.835924809872292
Iceland,IS,Total (all energy products combined),FC_E,KTOE,2019,2934.494,356991.0,8.22007837732604
Iceland,IS,Total (all energy products combined),FC_E,KTOE,2020,2869.74,364134.0,7.880999851702945
Iceland,IS,Total (all energy products combined),FC_E,KTOE,2021,2983.268,368792.0,8.089296947873056
Iceland,IS,Total (all energy products combined),FC_E,KTOE,2022,3018.55,376248.0,8.022766898428696
Iceland,IS,Total (all energy products combined),FC_E,KTOE,2023,3041.864,387758.0,7.844748528721523
Ireland,IE,Total (all energy products combined),FC_E,KTOE,2013,10234.498,4609779.0,2.22017107544635
Ireland,IE,Total (all energy products combined),FC_E,KTOE,2014,10176.021,4637852.0,2.1941237020931244
Ireland,IE,Total (all energy products combined),FC_E,KTOE,2015,10497.166,4677627.0,2.2441220730083864
Ireland,IE,Total (all energy products combined),FC_E,KTOE,2016,10902.445,4726286.0,2.306767935753359
Ireland,IE,Total (all energy products combined),FC_E,KTOE,2017,10850.673,4799157.0,2.2609539550383535
Ireland,IE,Total (all energy products combined),FC_E,KTOE,2018,11310.582,4855733.0,2.329325356233549
Ireland,IE,Total (all energy products combined),FC_E,KTOE,2019,11292.038,4940311.0,2.285693754907333
Ireland,IE,Total (all energy products combined),FC_E,KTOE,2020,10827.14,5012600.0,2.1599848382077167
Ireland,IE,Total (all energy products combined),FC_E,KTOE,2021,11020.03,5066893.0,2.174908765588695
Ireland,IE,Total (all energy products combined),FC_E,KTOE,2022,10961.758,5154277.0,2.1267304803370095
Ireland,IE,Total (all energy products combined),FC_E,KTOE,2023,10927.583,5271395.0,2.0729964269420145
Ireland,IE,Total (all energy products combined),FC_E,KTOE,2024,11228.741,5351681.0,2.098170836415698
Italy,IT,Total (all energy products combined),FC_E,KTOE,2013,114053.675,60277309.0,1.8921494156283587
Italy,IT,Total (all energy products combined),FC_E,KTOE,2014,108848.35,60345917.0,1.8037400939652637
Italy,IT,Total (all energy products combined),FC_E,KTOE,2015,112108.171,60295497.0,1.8593124955915032
Italy,IT,Total (all energy products combined),FC_E,KTOE,2016,111554.603,60163712.0,1.8541841799920855
Italy,IT,Total (all energy products combined),FC_E,KTOE,2017,113611.214,60066734.0,1.8914165368138711
Italy,IT,Total (all energy products combined),FC_E,KTOE,2018,114296.937,59937769.0,1.9069267826768794
Italy,IT,Total (all energy products combined),FC_E,KTOE,2019,113119.475,59816673.0,1.8911027532407227
Italy,IT,Total (all energy products combined),FC_E,KTOE,2020,103057.147,59641488.0,1.7279439272205952
Italy,IT,Total (all energy products combined),FC_E,KTOE,2021,113918.826,59236213.0,1.9231281040872752
Italy,IT,Total (all energy products combined),FC_E,KTOE,2022,109406.478,59030133.0,1.8534004997074969
Italy,IT,Total (all energy products combined),FC_E,KTOE,2023,106153.181,58997201.0,1.799291817250788
Italy,IT,Total (all energy products combined),FC_E,KTOE,2024,107677.785,58971230.0,1.8259375800708244
Kosovo,XK,Total (all energy products combined),FC_E,KTOE,2016,1433.037,1771604.0,0.8088923935597345
Kosovo,XK,Total (all energy products combined),FC_E,KTOE,2017,1516.064,1783531.0,0.8500351269476112
Kosovo,XK,Total (all energy products combined),FC_E,KTOE,2018,1471.026,1798506.0,0.8179155365620131
Kosovo,XK,Total (all energy products combined),FC_E,KTOE,2019,1515.131,1795666.0,0.8437710576465779
Kosovo,XK,Total (all energy products combined),FC_E,KTOE,2020,1524.673,1782115.0,0.8555413090625464
Kosovo,XK,Total (all energy products combined),FC_E,KTOE,2021,1659.361,1798186.0,0.9227971967304829
Kosovo,XK,Total (all energy products combined),FC_E,KTOE,2022,1486.689,1773971.0,0.8380571046539093
Kosovo,XK,Total (all energy products combined),FC_E,KTOE,2023,1523.623,1773971.0,0.8588770616881561
Latvia,LV,Total (all energy products combined),FC_E,KTOE,2013,3732.245,2023825.0,1.8441540152928242
Latvia,LV,Total (all energy products combined),FC_E,KTOE,2014,3776.066,2001468.0,1.8866482002210379
Latvia,LV,Total (all energy products combined),FC_E,KTOE,2015,3680.167,1986096.0,1.852965314868969
Latvia,LV,Total (all energy products combined),FC_E,KTOE,2016,3697.443,1968957.0,1.8778688412189803
Latvia,LV,Total (all energy products combined),FC_E,KTOE,2017,3874.906,1950116.0,1.987013080247534
Latvia,LV,Total (all energy products combined),FC_E,KTOE,2018,4024.431,1934379.0,2.080476990289907
Latvia,LV,Total (all energy products combined),FC_E,KTOE,2019,3924.309,1919968.0,2.0439450032500543
Latvia,LV,Total (all energy products combined),FC_E,KTOE,2020,3797.762,1907675.0,1.9907804002254053
Latvia,LV,Total (all energy products combined),FC_E,KTOE,2021,3980.096,1893223.0,2.102285890251703
Latvia,LV,Total (all energy products combined),FC_E,KTOE,2022,3822.636,1875757.0,2.037916425208596
Latvia,LV,Total (all energy products combined),FC_E,KTOE,2023,3765.623,1883008.0,1.9997912913805995
Latvia,LV,Total (all energy products combined),FC_E,KTOE,2024,3737.501,1871882.0,1.9966541694401676
Lithuania,LT,Total (all energy products combined),FC_E,KTOE,2013,4712.305,2974637.0,1.584161361537559
Lithuania,LT,Total (all energy products combined),FC_E,KTOE,2014,4800.537,2947862.0,1.6284809126071709
Lithuania,LT,Total (all energy products combined),FC_E,KTOE,2015,4779.51,2926644.0,1.6331026253961876
Lithuania,LT,Total (all energy products combined),FC_E,KTOE,2016,5003.215,2895573.0,1.7278842564148789
Lithuania,LT,Total (all energy products combined),FC_E,KTOE,2017,5239.082,2859077.0,1.8324382309395655
Lithuania,LT,Total (all energy products combined),FC_E,KTOE,2018,5466.581,2826200.0,1.934251291486802
Lithuania,LT,Total (all energy products combined),FC_E,KTOE,2019,5460.021,2812200.0,1.9415478984425005
Lithuania,LT,Total (all energy products combined),FC_E,KTOE,2020,5284.212,2809977.0,1.8805178832424607
Lithuania,LT,Total (all energy products combined),FC_E,KTOE,2021,5662.351,2810761.0,2.0145259593398372
Lithuania,LT,Total (all energy products combined),FC_E,KTOE,2022,5376.688,2805998.0,1.916141066387075
Lithuania,LT,Total (all energy products combined),FC_E,KTOE,2023,5324.074,2857279.0,1.8633371119866138
Lithuania,LT,Total (all energy products combined),FC_E,KTOE,2024,5628.651,2885891.0,1.950403185705905
Luxembourg,LU,Total (all energy products combined),FC_E,KTOE,2013,3753.122,537039.0,6.988546455657783
Luxembourg,LU,Total (all energy products combined),FC_E,KTOE,2014,3596.761,549680.0,6.543372507640809
Luxembourg,LU,Total (all energy products combined),FC_E,KTOE,2015,3534.819,562958.0,6.279010157063227
Luxembourg,LU,Total (all energy products combined),FC_E,KTOE,2016,3533.953,576249.0,6.132683961273686
Luxembourg,LU,Total (all energy products combined),FC_E,KTOE,2017,3608.658,590667.0,6.109462692176811
Luxembourg,LU,Total (all energy products combined),FC_E,KTOE,2018,3738.069,602005.0,6.209365370719512
Luxembourg,LU,Total (all energy products combined),FC_E,KTOE,2019,3792.055,613894.0,6.17705173857376
Luxembourg,LU,Total (all energy products combined),FC_E,KTOE,2020,3269.667,626108.0,5.222209267410734
Luxembourg,LU,Total (all energy products combined),FC_E,KTOE,2021,3439.394,634730.0,5.4186725064200525
Luxembourg,LU,Total (all energy products combined),FC_E,KTOE,2022,3026.663,645397.0,4.689614299415709
Luxembourg,LU,Total (all energy products combined),FC_E,KTOE,2023,2922.882,660809.0,4.423187335523578
Luxembourg,LU,Total (all energy products combined),FC_E,KTOE,2024,2908.057,672050.0,4.327143813704337
Malta,MT,Total (all energy products combined),FC_E,KTOE,2013,421.114,421464.0,0.9991695613385723
Malta,MT,Total (all energy products combined),FC_E,KTOE,2014,435.716,428156.0,1.0176571156307515
Malta,MT,Total (all energy products combined),FC_E,KTOE,2015,462.343,438805.0,1.0536411390025182
Malta,MT,Total (all energy products combined),FC_E,KTOE,2016,458.759,449635.0,1.0202920146340921
Malta,MT,Total (all energy products combined),FC_E,KTOE,2017,492.38,459375.0,1.071847619047619
Malta,MT,Total (all energy products combined),FC_E,KTOE,2018,514.389,474837.0,1.0832959520846102
Malta,MT,Total (all energy products combined),FC_E,KTOE,2019,545.428,492968.0,1.1064166436766687
Malta,MT,Total (all energy products combined),FC_E,KTOE,2020,500.753,514855.0,0.9726097639141117
Malta,MT,Total (all energy products combined),FC_E,KTOE,2021,526.291,516125.0,1.019696778881085
Malta,MT,Total (all energy products combined),FC_E,KTOE,2022,593.59,520174.0,1.141137388643031
Malta,MT,Total (all energy products combined),FC_E,KTOE,2023,580.011,542051.0,1.0700303108010132
Malta,MT,Total (all energy products combined),FC_E,KTOE,2024,602.29,563443.0,1.0689457496144241
Moldova,MD,Total (all energy products combined),FC_E,KTOE,2013,2294.391,3559497.0,0.6445829284306182
Moldova,MD,Total (all energy products combined),FC_E,KTOE,2014,2295.133,3557634.0,0.6451290380067202
Moldova,MD,Total (all energy products combined),FC_E,KTOE,2015,2357.098,2869302.0,0.8214882922745671
Moldova,MD,Total (all energy products combined),FC_E,KTOE,2016,2457.919,2846327.0,0.863540626217578
Moldova,MD,Total (all energy products combined),FC_E,KTOE,2017,2589.822,2825628.0,0.9165474011440996
Moldova,MD,Total (all energy products combined),FC_E,KTOE,2018,2684.563,2780744.0,0.9654117746905145
Moldova,MD,Total (all energy products combined),FC_E,KTOE,2019,2580.369,2729634.0,0.9453168446758796
Moldova,MD,Total (all energy products combined),FC_E,KTOE,2020,2480.676,2684772.0,0.9239801368607837
Moldova,MD,Total (all energy products combined),FC_E,KTOE,2021,2759.055,2643675.0,1.0436437913132288
Moldova,MD,Total (all energy products combined),FC_E,KTOE,2022,2443.491,2565030.0,0.9526169284569771
Moldova,MD,Total (all energy products combined),FC_E,KTOE,2023,2333.894,2512758.0,0.928817657729077
Montenegro,ME,Total (all energy products combined),FC_E,KTOE,2013,640.991,620893.0,1.0323695065011202
Montenegro,ME,Total (all energy products combined),FC_E,KTOE,2014,628.575,621521.0,1.0113495762814129
Montenegro,ME,Total (all energy products combined),FC_E,KTOE,2015,662.644,622099.0,1.0651745140242952
Montenegro,ME,Total (all energy products combined),FC_E,KTOE,2016,688.761,622218.0,1.1069448328399372
Montenegro,ME,Total (all energy products combined),FC_E,KTOE,2017,728.889,622387.0,1.1711186126959592
Montenegro,ME,Total (all energy products combined),FC_E,KTOE,2018,729.633,622359.0,1.172366752951271
Montenegro,ME,Total (all energy products combined),FC_E,KTOE,2019,760.625,622182.0,1.22251206238689
Montenegro,ME,Total (all energy products combined),FC_E,KTOE,2020,696.84,621873.0,1.1205503374483214
Montenegro,ME,Total (all energy products combined),FC_E,KTOE,2021,796.294,620739.0,1.2828161272289964
Montenegro,ME,Total (all energy products combined),FC_E,KTOE,2022,752.609,617683.0,1.218438907983545
Montenegro,ME,Total (all energy products combined),FC_E,KTOE,2023,761.868,616695.0,1.2354048597767129
Netherlands,NL,Total (all energy products combined),FC_E,KTOE,2013,46898.823,16779575.0,2.794994688482873
Netherlands,NL,Total (all energy products combined),FC_E,KTOE,2014,42352.359,16829289.0,2.516586351330707
Netherlands,NL,Total (all energy products combined),FC_E,KTOE,2015,43375.392,16900726.0,2.566480990224917
Netherlands,NL,Total (all energy products combined),FC_E,KTOE,2016,44338.017,16979120.0,2.6113259697793527
Netherlands,NL,Total (all energy products combined),FC_E,KTOE,2017,44529.147,17081507.0,2.606862907353549
Netherlands,NL,Total (all energy products combined),FC_E,KTOE,2018,44855.586,17181084.0,2.6107541293669247
Netherlands,NL,Total (all energy products combined),FC_E,KTOE,2019,44071.203,17282163.0,2.5500976353480755
Netherlands,NL,Total (all energy products combined),FC_E,KTOE,2020,41865.153,17407585.0,2.40499489159467
Netherlands,NL,Total (all energy products combined),FC_E,KTOE,2021,43258.235,17475415.0,2.475376693486249
Netherlands,NL,Total (all energy products combined),FC_E,KTOE,2022,38931.591,17590672.0,2.213195209370057
Netherlands,NL,Total (all energy products combined),FC_E,KTOE,2023,38031.703,17811291.0,2.1352580787097355
Netherlands,NL,Total (all energy products combined),FC_E,KTOE,2024,38793.368,17942942.0,2.1620405393942645
North Macedonia,MK,Total (all energy products combined),FC_E,KTOE,2013,1814.802,2062294.0,0.8799918925235685
North Macedonia,MK,Total (all energy products combined),FC_E,KTOE,2014,1797.481,2065769.0,0.870126814760024
North Macedonia,MK,Total (all energy products combined),FC_E,KTOE,2015,1837.589,2069172.0,0.8880793863439096
North Macedonia,MK,Total (all energy products combined),FC_E,KTOE,2016,1847.733,2071278.0,0.8920738790254132
North Macedonia,MK,Total (all energy products combined),FC_E,KTOE,2017,1858.961,2073702.0,0.8964455837916924
North Macedonia,MK,Total (all energy products combined),FC_E,KTOE,2018,1832.761,2075301.0,0.8831302061725022
North Macedonia,MK,Total (all energy products combined),FC_E,KTOE,2019,1937.818,2077132.0,0.9329296356707228
North Macedonia,MK,Total (all energy products combined),FC_E,KTOE,2020,1814.178,2076255.0,0.873774175137447
North Macedonia,MK,Total (all energy products combined),FC_E,KTOE,2021,1968.999,2068808.0,0.9517553103042912
North Macedonia,MK,Total (all energy products combined),FC_E,KTOE,2022,1804.859,1837114.0,0.9824425702487706
North Macedonia,MK,Total (all energy products combined),FC_E,KTOE,2023,1781.485,1829954.0,0.9735135418704514
Norway,NO,Total (all energy products combined),FC_E,KTOE,2013,19306.574,5051275.0,3.822118969963029
Norway,NO,Total (all energy products combined),FC_E,KTOE,2014,18872.169,5109056.0,3.6938661467010734
Norway,NO,Total (all energy products combined),FC_E,KTOE,2015,19168.292,5165802.0,3.7106129890382946
Norway,NO,Total (all energy products combined),FC_E,KTOE,2016,19534.437,5213985.0,3.7465464515145324
Norway,NO,Total (all energy products combined),FC_E,KTOE,2017,19702.222,5258317.0,3.746868437182467
Norway,NO,Total (all energy products combined),FC_E,KTOE,2018,19834.024,5295619.0,3.7453646117668207
Norway,NO,Total (all energy products combined),FC_E,KTOE,2019,19727.636,5328212.0,3.7024870632024403
Norway,NO,Total (all energy products combined),FC_E,KTOE,2020,19437.659,5367580.0,3.6213077401734113
Norway,NO,Total (all energy products combined),FC_E,KTOE,2021,20412.631,5391369.0,3.7861684110288127
Norway,NO,Total (all energy products combined),FC_E,KTOE,2022,19803.652,5425270.0,3.6502610929962933
Norway,NO,Total (all energy products combined),FC_E,KTOE,2023,19608.253,5488984.0,3.5722918849827217
Poland,PL,Total (all energy products combined),FC_E,KTOE,2013,62106.169,38062535.0,1.6316876687272668
Poland,PL,Total (all energy products combined),FC_E,KTOE,2014,60203.259,38017856.0,1.5835521866356692
Poland,PL,Total (all energy products combined),FC_E,KTOE,2015,60861.845,38005614.0,1.6013909155631587
Poland,PL,Total (all energy products combined),FC_E,KTOE,2016,65136.154,37967209.0,1.7155897342888702
Poland,PL,Total (all energy products combined),FC_E,KTOE,2017,69224.99,37972964.0,1.8230072848672019
Poland,PL,Total (all energy products combined),FC_E,KTOE,2018,73050.047,37976687.0,1.9235497556698402
Poland,PL,Total (all energy products combined),FC_E,KTOE,2019,71854.502,37972812.0,1.892261810897755
Poland,PL,Total (all energy products combined),FC_E,KTOE,2020,70178.23,37958138.0,1.8488322583157266
Poland,PL,Total (all energy products combined),FC_E,KTOE,2021,74143.292,37073357.0,1.9999076965163958
Poland,PL,Total (all energy products combined),FC_E,KTOE,2022,70863.416,36889761.0,1.9209508025817787
Poland,PL,Total (all energy products combined),FC_E,KTOE,2023,69040.54,36753736.0,1.8784631853480147
Poland,PL,Total (all energy products combined),FC_E,KTOE,2024,69052.439,36620970.0,1.8855983061071293
Portugal,PT,Total (all energy products combined),FC_E,KTOE,2013,14908.318,10503889.0,1.4193141226073505
Portugal,PT,Total (all energy products combined),FC_E,KTOE,2014,15386.388,10444092.0,1.473214521664497
Portugal,PT,Total (all energy products combined),FC_E,KTOE,2015,15550.875,10395121.0,1.4959782574921445
Portugal,PT,Total (all energy products combined),FC_E,KTOE,2016,15640.739,10368554.0,1.5084783278362635
Portugal,PT,Total (all energy products combined),FC_E,KTOE,2017,15900.697,10344478.0,1.537119321052256
Portugal,PT,Total (all energy products combined),FC_E,KTOE,2018,16152.622,10335770.0,1.5627884521424142
Portugal,PT,Total (all energy products combined),FC_E,KTOE,2019,16354.725,10333496.0,1.5826904079703519
Portugal,PT,Total (all energy products combined),FC_E,KTOE,2020,15156.57,10375395.0,1.4608186001593193
Portugal,PT,Total (all energy products combined),FC_E,KTOE,2021,15772.048,10394297.0,1.5173751529324206
Portugal,PT,Total (all energy products combined),FC_E,KTOE,2022,16170.756,10421117.0,1.5517296274478063
Portugal,PT,Total (all energy products combined),FC_E,KTOE,2023,16467.763,10516621.0,1.5658796680036295
Portugal,PT,Total (all energy products combined),FC_E,KTOE,2024,16456.334,10639726.0,1.5466877624480178
Romania,RO,Total (all energy products combined),FC_E,KTOE,2013,21631.325,20020074.0,1.0804817704470024
Romania,RO,Total (all energy products combined),FC_E,KTOE,2014,21470.367,19947311.0,1.0763539506653304
Romania,RO,Total (all energy products combined),FC_E,KTOE,2015,21600.24,19870647.0,1.0870426111439653
Romania,RO,Total (all energy products combined),FC_E,KTOE,2016,21935.25,19760585.0,1.1100506386830147
Romania,RO,Total (all energy products combined),FC_E,KTOE,2017,22980.154,19643949.0,1.169833723351654
Romania,RO,Total (all energy products combined),FC_E,KTOE,2018,23444.791,19533481.0,1.2002361995795834
Romania,RO,Total (all energy products combined),FC_E,KTOE,2019,23712.653,19414458.0,1.221391449609358
Romania,RO,Total (all energy products combined),FC_E,KTOE,2020,23472.38,19328838.0,1.2143709828806057
Romania,RO,Total (all energy products combined),FC_E,KTOE,2021,25279.75,19201662.0,1.3165396828670353
Romania,RO,Total (all energy products combined),FC_E,KTOE,2022,23923.243,19042455.0,1.2563108590777816
Romania,RO,Total (all energy products combined),FC_E,KTOE,2023,23329.354,19054548.0,1.2243457047629784
Romania,RO,Total (all energy products combined),FC_E,KTOE,2024,23375.481,19067576.0,1.2259282983846505
Serbia,RS,Total (all energy products combined),FC_E,KTOE,2013,8201.681,7181505.0,1.1420560175060799
Serbia,RS,Total (all energy products combined),FC_E,KTOE,2014,7681.742,7146759.0,1.0748567287633457
Serbia,RS,Total (all energy products combined),FC_E,KTOE,2015,7885.89,7114393.0,1.1084417180777053
Serbia,RS,Total (all energy products combined),FC_E,KTOE,2016,8206.334,7076372.0,1.159680977766573
Serbia,RS,Total (all energy products combined),FC_E,KTOE,2017,8363.238,7040272.0,1.1879140465027487
Serbia,RS,Total (all energy products combined),FC_E,KTOE,2018,8435.035,7001444.0,1.2047564759498184
Serbia,RS,Total (all energy products combined),FC_E,KTOE,2019,8387.52,6963764.0,1.204452075055961
Serbia,RS,Total (all energy products combined),FC_E,KTOE,2020,8715.951,6926705.0,1.2583112749857255
Serbia,RS,Total (all energy products combined),FC_E,KTOE,2021,9268.268,6871547.0,1.348789144569629
Serbia,RS,Total (all energy products combined),FC_E,KTOE,2022,9491.229,6797105.0,1.3963634517930796
Serbia,RS,Total (all energy products combined),FC_E,KTOE,2023,9302.605,6641197.0,1.4007422155975797
Slovakia,SK,Total (all energy products combined),FC_E,KTOE,2013,10107.882,5410836.0,1.8680813833573962
Slovakia,SK,Total (all energy products combined),FC_E,KTOE,2014,9113.614,5415949.0,1.6827363034622371
Slovakia,SK,Total (all energy products combined),FC_E,KTOE,2015,9525.304,5421349.0,1.7569988576643931
Slovakia,SK,Total (all energy products combined),FC_E,KTOE,2016,9884.214,5426252.0,1.8215545463056269
Slovakia,SK,Total (all energy products combined),FC_E,KTOE,2017,10538.548,5435343.0,1.93889290887438
Slovakia,SK,Total (all energy products combined),FC_E,KTOE,2018,10400.003,5443120.0,1.9106694322373932
Slovakia,SK,Total (all energy products combined),FC_E,KTOE,2019,10242.955,5450421.0,1.8792961130892458
Slovakia,SK,Total (all energy products combined),FC_E,KTOE,2020,9611.131,5457873.0,1.7609664057774888
Slovakia,SK,Total (all energy products combined),FC_E,KTOE,2021,10508.333,5459781.0,1.9246803122689353
Slovakia,SK,Total (all energy products combined),FC_E,KTOE,2022,9923.616,5434712.0,1.8259690669901183
Slovakia,SK,Total (all energy products combined),FC_E,KTOE,2023,9185.442,5428792.0,1.691986357185908
Slovakia,SK,Total (all energy products combined),FC_E,KTOE,2024,9054.977,5424687.0,1.6692164912003218
Slovenia,SI,Total (all energy products combined),FC_E,KTOE,2013,4802.228,2058821.0,2.332513608516719
Slovenia,SI,Total (all energy products combined),FC_E,KTOE,2014,4607.657,2061085.0,2.2355492374162154
Slovenia,SI,Total (all energy products combined),FC_E,KTOE,2015,4721.534,2062874.0,2.288813567866966
Slovenia,SI,Total (all energy products combined),FC_E,KTOE,2016,4903.5,2064188.0,2.37551037017946
Slovenia,SI,Total (all energy products combined),FC_E,KTOE,2017,4973.996,2065895.0,2.4076712514430794
Slovenia,SI,Total (all energy products combined),FC_E,KTOE,2018,4969.575,2066880.0,2.4043848699489083
Slovenia,SI,Total (all energy products combined),FC_E,KTOE,2019,4882.087,2080908.0,2.346133034233133
Slovenia,SI,Total (all energy products combined),FC_E,KTOE,2020,4447.19,2095861.0,2.1218916712510993
Slovenia,SI,Total (all energy products combined),FC_E,KTOE,2021,4769.706,2108977.0,2.2616206814962894
Slovenia,SI,Total (all energy products combined),FC_E,KTOE,2022,4760.845,2107180.0,2.2593442420675975
Slovenia,SI,Total (all energy products combined),FC_E,KTOE,2023,4529.882,2116972.0,2.139793062921947
Slovenia,SI,Total (all energy products combined),FC_E,KTOE,2024,4646.955,2123949.0,2.1878844548527296
Spain,ES,Total (all energy products combined),FC_E,KTOE,2013,76055.579,46712650.0,1.628158089939235
Spain,ES,Total (all energy products combined),FC_E,KTOE,2014,75143.582,46495744.0,1.6161389309094614
Spain,ES,Total (all energy products combined),FC_E,KTOE,2015,76669.118,46425722.0,1.651436201681473
Spain,ES,Total (all energy products combined),FC_E,KTOE,2016,78375.479,46418884.0,1.6884395368057534
Spain,ES,Total (all energy products combined),FC_E,KTOE,2017,80418.551,46497393.0,1.7295281694610276
Spain,ES,Total (all energy products combined),FC_E,KTOE,2018,82275.356,46645070.0,1.7638596318967898
Spain,ES,Total (all energy products combined),FC_E,KTOE,2019,82204.334,46918951.0,1.7520496994913632
Spain,ES,Total (all energy products combined),FC_E,KTOE,2020,73117.836,47318050.0,1.5452419531235966
Spain,ES,Total (all energy products combined),FC_E,KTOE,2021,79280.131,47400798.0,1.6725484452814487
Spain,ES,Total (all energy products combined),FC_E,KTOE,2022,78882.862,47486843.0,1.6611519531841694
Spain,ES,Total (all energy products combined),FC_E,KTOE,2023,77903.44,48085361.0,1.6201072089278896
Spain,ES,Total (all energy products combined),FC_E,KTOE,2024,79776.408,48619695.0,1.6408249373016428
Sweden,SE,Total (all energy products combined),FC_E,KTOE,2013,31581.916,9555893.0,3.304967521088819
Sweden,SE,Total (all energy products combined),FC_E,KTOE,2014,30841.813,9644864.0,3.197744727141824
Sweden,SE,Total (all energy products combined),FC_E,KTOE,2015,31412.09,9747355.0,3.222627061392552
Sweden,SE,Total (all energy products combined),FC_E,KTOE,2016,31946.371,9851017.0,3.2429515653053893
Sweden,SE,Total (all energy products combined),FC_E,KTOE,2017,31761.618,9995153.0,3.177702032174995
Sweden,SE,Total (all energy products combined),FC_E,KTOE,2018,31640.993,10120242.0,3.1265055717047083
Sweden,SE,Total (all energy products combined),FC_E,KTOE,2019,31196.158,10230185.0,3.0494226643995197
Sweden,SE,Total (all energy products combined),FC_E,KTOE,2020,30924.411,10327589.0,2.9943495040323547
Sweden,SE,Total (all energy products combined),FC_E,KTOE,2021,32058.517,10379295.0,3.0886988952525196
Sweden,SE,Total (all energy products combined),FC_E,KTOE,2022,30993.729,10452326.0,2.9652470655813836
Sweden,SE,Total (all energy products combined),FC_E,KTOE,2023,31095.993,10521556.0,2.955455732973336
Sweden,SE,Total (all energy products combined),FC_E,KTOE,2024,31321.746,10551707.0,2.9684055859397915
Turkey,TR,Total (all energy products combined),FC_E,KTOE,2013,78466.784,75627384.0,1.0375446015691883
Turkey,TR,Total (all energy products combined),FC_E,KTOE,2014,80844.293,76667864.0,1.054474310122948
Turkey,TR,Total (all energy products combined),FC_E,KTOE,2015,86846.978,77695904.0,1.1177806490288085
Turkey,TR,Total (all energy products combined),FC_E,KTOE,2016,90317.972,78741053.0,1.1470251991677074
Turkey,TR,Total (all energy products combined),FC_E,KTOE,2017,100511.818,79814871.0,1.2593119144426106
Turkey,TR,Total (all energy products combined),FC_E,KTOE,2018,98633.029,80810525.0,1.2205468161480204
Turkey,TR,Total (all energy products combined),FC_E,KTOE,2019,99100.378,82003882.0,1.2084839837216488
Turkey,TR,Total (all energy products combined),FC_E,KTOE,2020,101143.571,83154997.0,1.216325833070501
Turkey,TR,Total (all energy products combined),FC_E,KTOE,2021,109801.743,83614362.0,1.313192379557952
Turkey,TR,Total (all energy products combined),FC_E,KTOE,2022,108196.107,84680273.0,1.2777014429322873
Turkey,TR,Total (all energy products combined),FC_E,KTOE,2023,110242.861,85279553.0,1.292723251023607
Ukraine,UA,Total (all energy products combined),FC_E,KTOE,2013,65144.066,45372692.0,1.4357549250108412
Ukraine,UA,Total (all energy products combined),FC_E,KTOE,2014,57893.824,45245894.0,1.279537630530629
Ukraine,UA,Total (all energy products combined),FC_E,KTOE,2015,47488.152,42759661.0,1.1105829861466863
Ukraine,UA,Total (all energy products combined),FC_E,KTOE,2016,48826.188,42590879.0,1.1464001012986842
Ukraine,UA,Total (all energy products combined),FC_E,KTOE,2017,47345.792,42414905.0,1.1162536377247574
Ukraine,UA,Total (all energy products combined),FC_E,KTOE,2018,48417.734,42216766.0,1.1468840128587774
Ukraine,UA,Total (all energy products combined),FC_E,KTOE,2019,46886.431,41983564.0,1.116780628724136
Ukraine,UA,Total (all energy products combined),FC_E,KTOE,2020,44184.237,41732779.0,1.058741786642102
Ukraine,UA,Total (all energy products combined),FC_E,KTOE,2021,44184.237,41418717.0,1.0667698132706525
Ukraine,UA,Total (all energy products combined),FC_E,KTOE,2022,44184.237,40997698.0,1.0777248273793323
Ukraine,UA,Total (all energy products combined),FC_E,KTOE,2023,44184.237,40997698.0,1.0777248273793323
United Kingdom,UK,Total (all energy products combined),FC_E,KTOE,2013,123395.413,63905342.0,1.930909203177412
United Kingdom,UK,Total (all energy products combined),FC_E,KTOE,2014,116594.037,64351203.0,1.8118392751725247
United Kingdom,UK,Total (all energy products combined),FC_E,KTOE,2015,120063.341,64853393.0,1.8513039248385972
United Kingdom,UK,Total (all energy products combined),FC_E,KTOE,2016,121886.092,65379044.0,1.8642990864167424
United Kingdom,UK,Total (all energy products combined),FC_E,KTOE,2017,120950.747,65844142.0,1.8369249461857973
United Kingdom,UK,Total (all energy products combined),FC_E,KTOE,2018,122583.69,66273576.0,1.8496616207943872
United Kingdom,UK,Total (all energy products combined),FC_E,KTOE,2019,121414.483,66647112.0,1.821751601179658
United Kingdom,UK,Total (all energy products combined),FC_E,KTOE,2020,121414.483,67025542.0,1.811465888630934
United Kingdom,UK,Total (all energy products combined),FC_E,KTOE,2021,121414.483,67025542.0,1.811465888630934
United Kingdom,UK,Total (all energy products combined),FC_E,KTOE,2022,121414.483,67025542.0,1.811465888630934
United Kingdom,UK,Total (all energy products combined),FC_E,KTOE,2023,121414.483,67025542.0,1.811465888630934
