freq,nrg_bal,siec,unit,geo\TIME_PERIOD	2013 	2014 	2015 	2016 	2017 	2018 	2019 	2020 	2021 	2022 	2023 	2024 
A,FC_E,C0000X0350-0370,KTOE,AL	67.005 	85.149 	94.089 	49.941 	123.149 	239.095 	123.502 	150.666 	227.071 	143.435 	144.329 	: 
A,FC_E,C0000X0350-0370,KTOE,AT	345.239 	340.804 	352.912 	360.998 	328.812 	310.633 	308.671 	343.989 	240.022 	243.928 	227.202 	223.372 
A,FC_E,C0000X0350-0370,KTOE,BA	: 	270.200 	281.006 	274.975 	264.879 	278.851 	204.969 	233.582 	286.227 	264.536 	220.641 	: 
A,FC_E,C0000X0350-0370,KTOE,BE	532.122 	492.039 	508.944 	489.880 	475.231 	487.741 	470.318 	378.385 	406.307 	329.668 	279.156 	240.593 
A,FC_E,C0000X0350-0370,KTOE,BG	364.272 	317.260 	331.146 	334.105 	371.605 	355.306 	312.492 	292.143 	400.909 	264.600 	240.253 	249.892 
A,FC_E,C0000X0350-0370,KTOE,CY	0.124 	2.218 	3.679 	0.000 	2.980 	13.614 	17.199 	14.004 	40.105 	30.593 	27.393 	12.694 
A,FC_E,C0000X0350-0370,KTOE,CZ	1857.198 	1599.674 	1574.414 	1562.511 	1754.833 	1655.274 	1437.206 	1413.144 	1431.891 	1392.779 	1101.530 	821.888 
A,FC_E,C0000X0350-0370,KTOE,DE	4318.156 	4077.775 	4749.252 	4630.137 	4547.885 	3758.459 	3421.122 	3580.505 	3178.365 	3595.324 	2635.407 	2445.772 
A,FC_E,C0000X0350-0370,KTOE,DK	130.365 	126.347 	117.773 	121.882 	131.241 	133.570 	108.688 	119.305 	139.023 	98.225 	85.735 	43.517 
A,FC_E,C0000X0350-0370,KTOE,EE	39.716 	47.994 	16.860 	17.509 	21.066 	26.273 	29.990 	7.315 	2.085 	1.596 	3.217 	0.477 
A,FC_E,C0000X0350-0370,KTOE,EL	212.366 	232.365 	224.437 	198.611 	195.667 	281.631 	198.274 	167.422 	183.649 	71.098 	60.556 	37.832 
A,FC_E,C0000X0350-0370,KTOE,ES	455.890 	443.649 	432.221 	406.415 	483.182 	477.739 	372.720 	343.109 	418.949 	430.527 	373.713 	328.113 
A,FC_E,C0000X0350-0370,KTOE,EU27_2020	24798.618 	23228.681 	23488.826 	23729.311 	23906.791 	22617.066 	19797.508 	19124.075 	18822.546 	16729.634 	14085.868 	12479.810 
A,FC_E,C0000X0350-0370,KTOE,FI	106.947 	106.166 	111.024 	139.521 	136.352 	128.138 	121.362 	105.715 	117.721 	108.714 	60.687 	41.218 
A,FC_E,C0000X0350-0370,KTOE,FR	1145.033 	1051.480 	1111.499 	1077.938 	1124.436 	1159.470 	950.297 	837.606 	969.238 	696.773 	579.958 	472.618 
A,FC_E,C0000X0350-0370,KTOE,GE	314.392 	290.462 	271.769 	250.280 	276.057 	293.700 	241.024 	212.848 	224.128 	235.423 	: 	: 
A,FC_E,C0000X0350-0370,KTOE,HR	115.977 	102.456 	81.112 	67.068 	76.171 	68.846 	82.715 	104.972 	108.871 	80.597 	67.272 	63.139 
A,FC_E,C0000X0350-0370,KTOE,HU	184.615 	161.659 	175.751 	200.345 	289.962 	226.412 	184.799 	156.907 	122.482 	124.477 	82.055 	68.126 
A,FC_E,C0000X0350-0370,KTOE,IE	318.206 	314.936 	326.458 	335.477 	268.307 	283.763 	234.927 	240.753 	235.439 	160.504 	120.222 	118.808 
A,FC_E,C0000X0350-0370,KTOE,IS	97.595 	86.743 	93.004 	0.000 	0.000 	0.000 	0.000 	0.000 	0.000 	0.000 	0.000 	: 
A,FC_E,C0000X0350-0370,KTOE,IT	704.387 	739.881 	539.450 	688.034 	489.273 	623.279 	595.062 	409.362 	302.273 	306.200 	296.973 	253.699 
A,FC_E,C0000X0350-0370,KTOE,LT	224.724 	194.134 	157.893 	157.535 	161.589 	171.232 	167.507 	133.271 	158.672 	156.034 	97.900 	86.768 
A,FC_E,C0000X0350-0370,KTOE,LU	52.562 	52.087 	49.215 	50.930 	47.116 	41.760 	45.758 	37.856 	39.365 	40.604 	22.779 	19.760 
A,FC_E,C0000X0350-0370,KTOE,LV	58.827 	53.093 	42.260 	35.214 	36.698 	41.554 	35.780 	21.583 	15.403 	10.502 	10.779 	7.994 
A,FC_E,C0000X0350-0370,KTOE,MD	138.273 	90.357 	95.301 	69.414 	99.082 	81.524 	101.553 	77.408 	91.228 	61.948 	53.622 	: 
A,FC_E,C0000X0350-0370,KTOE,ME	5.279 	7.259 	11.439 	12.459 	9.654 	6.572 	7.546 	6.392 	8.717 	5.501 	4.575 	: 
A,FC_E,C0000X0350-0370,KTOE,MK	123.712 	102.446 	101.101 	128.180 	97.979 	112.790 	127.395 	70.500 	92.082 	34.902 	33.028 	: 
A,FC_E,C0000X0350-0370,KTOE,MT	0.000 	0.000 	0.000 	0.000 	0.000 	0.000 	0.000 	0.000 	0.000 	0.000 	0.000 	0.000 
A,FC_E,C0000X0350-0370,KTOE,NL	81.826 	81.712 	191.358 	237.568 	253.166 	235.253 	213.166 	171.439 	142.030 	93.859 	85.053 	159.812 
A,FC_E,C0000X0350-0370,KTOE,NO	470.495 	465.914 	464.954 	521.233 	498.799 	462.767 	490.793 	520.305 	555.063 	496.191 	451.207 	: 
A,FC_E,C0000X0350-0370,KTOE,PL	11914.244 	11146.265 	10730.714 	11095.594 	11253.919 	10672.907 	9002.654 	8955.367 	8687.509 	7265.676 	6760.982 	5977.947 
A,FC_E,C0000X0350-0370,KTOE,PT	18.469 	13.904 	12.968 	12.716 	11.000 	10.150 	10.798 	9.695 	9.980 	6.789 	4.966 	6.409 
A,FC_E,C0000X0350-0370,KTOE,RO	689.477 	668.366 	776.919 	729.221 	627.773 	617.168 	659.747 	602.766 	734.040 	554.256 	318.854 	278.760 
A,FC_E,C0000X0350-0370,KTOE,RS	505.111 	449.229 	500.344 	635.233 	534.002 	511.988 	422.455 	517.684 	306.426 	267.364 	277.445 	: 
A,FC_E,C0000X0350-0370,KTOE,SE	369.087 	368.737 	390.695 	372.265 	374.306 	370.807 	345.087 	292.539 	320.038 	333.480 	303.387 	241.944 
A,FC_E,C0000X0350-0370,KTOE,SI	47.923 	45.521 	39.300 	36.269 	38.568 	41.108 	39.966 	28.349 	21.088 	27.574 	19.250 	15.846 
A,FC_E,C0000X0350-0370,KTOE,SK	510.866 	448.159 	440.572 	371.568 	405.653 	424.979 	431.203 	356.574 	397.092 	305.257 	220.589 	262.812 
A,FC_E,C0000X0350-0370,KTOE,TR	10636.487 	10759.764 	11403.943 	11949.046 	11830.680 	9659.548 	10031.519 	11467.553 	12279.149 	10210.486 	10220.255 	: 
A,FC_E,C0000X0350-0370,KTOE,UA	5230.780 	6063.501 	3701.296 	3480.367 	2871.151 	3973.636 	3886.622 	3700.860 	: 	: 	: 	: 
A,FC_E,C0000X0350-0370,KTOE,UK	2687.953 	2629.935 	2296.883 	2042.868 	1871.281 	1704.194 	1565.081 	: 	: 	: 	: 	: 
A,FC_E,C0000X0350-0370,KTOE,XK	56.580 	61.014 	47.825 	99.654 	87.174 	18.092 	20.531 	27.462 	33.604 	29.707 	34.241 	: 
A,FC_E,C0350-0370,KTOE,AL	0.000 	0.000 	0.000 	0.000 	0.000 	0.000 	0.000 	0.000 	0.000 	0.000 	0.000 	: 
A,FC_E,C0350-0370,KTOE,AT	95.452 	82.777 	80.561 	99.954 	104.806 	88.126 	95.870 	81.312 	111.897 	98.945 	96.559 	96.300 
A,FC_E,C0350-0370,KTOE,BA	: 	104.352 	105.379 	104.615 	100.244 	110.215 	121.393 	52.381 	42.665 	41.062 	29.576 	: 
A,FC_E,C0350-0370,KTOE,BE	207.366 	181.463 	162.296 	163.392 	171.581 	173.145 	153.077 	141.229 	180.261 	151.137 	159.205 	200.364 
A,FC_E,C0350-0370,KTOE,BG	0.000 	0.000 	0.000 	0.000 	0.000 	0.000 	0.000 	0.000 	0.000 	0.000 	0.000 	0.000 
A,FC_E,C0350-0370,KTOE,CY	0.000 	0.000 	0.000 	0.000 	0.000 	0.000 	0.000 	0.000 	0.000 	0.000 	0.000 	0.000 
A,FC_E,C0350-0370,KTOE,CZ	312.893 	323.565 	311.300 	303.920 	279.425 	321.646 	266.195 	265.890 	314.360 	268.324 	188.236 	117.795 
A,FC_E,C0350-0370,KTOE,DE	2347.516 	2333.453 	2462.038 	2234.898 	2194.760 	2494.077 	2316.624 	2141.267 	2124.961 	2152.195 	2558.667 	2311.405 
A,FC_E,C0350-0370,KTOE,DK	0.000 	0.000 	0.000 	0.000 	0.000 	0.000 	0.000 	0.000 	0.000 	0.000 	0.000 	0.000 
A,FC_E,C0350-0370,KTOE,EE	0.000 	0.000 	0.000 	0.000 	0.000 	0.000 	0.000 	0.000 	0.000 	0.000 	0.000 	0.000 
A,FC_E,C0350-0370,KTOE,EL	0.000 	0.000 	0.000 	0.000 	0.000 	0.000 	0.000 	0.000 	0.000 	0.000 	0.000 	0.000 
A,FC_E,C0350-0370,KTOE,ES	118.425 	75.915 	79.904 	96.126 	94.492 	82.294 	72.953 	51.887 	90.152 	87.428 	76.854 	65.331 
A,FC_E,C0350-0370,KTOE,EU27_2020	4851.237 	4917.588 	4844.829 	4670.602 	4577.861 	4811.092 	4376.035 	4021.461 	4373.350 	4292.299 	4383.267 	4117.528 
A,FC_E,C0350-0370,KTOE,FI	117.068 	120.529 	134.991 	144.473 	122.148 	139.505 	137.315 	126.763 	143.625 	125.521 	122.404 	112.377 
A,FC_E,C0350-0370,KTOE,FR	0.000 	0.000 	0.000 	0.000 	0.000 	0.000 	0.000 	0.000 	0.000 	0.000 	0.000 	0.000 
A,FC_E,C0350-0370,KTOE,GE	0.000 	0.000 	0.000 	0.000 	0.000 	0.000 	0.000 	0.000 	0.000 	0.000 	: 	: 
A,FC_E,C0350-0370,KTOE,HR	1.591 	0.903 	0.236 	0.000 	0.000 	0.000 	0.000 	0.000 	0.000 	0.000 	0.000 	0.000 
A,FC_E,C0350-0370,KTOE,HU	81.750 	45.980 	55.857 	32.158 	41.638 	31.857 	31.449 	21.733 	35.447 	10.447 	0.000 	0.000 
A,FC_E,C0350-0370,KTOE,IE	0.000 	0.000 	0.000 	0.000 	0.000 	0.000 	0.000 	0.000 	0.000 	0.000 	0.000 	0.000 
A,FC_E,C0350-0370,KTOE,IS	0.000 	0.000 	0.000 	0.000 	0.000 	0.000 	0.000 	0.000 	0.000 	0.000 	0.000 	: 
A,FC_E,C0350-0370,KTOE,IT	165.203 	280.298 	209.348 	234.704 	159.152 	131.622 	109.389 	95.212 	97.507 	88.048 	60.769 	104.592 
A,FC_E,C0350-0370,KTOE,LT	0.000 	0.000 	0.000 	0.000 	0.000 	0.000 	0.000 	0.000 	0.000 	0.000 	0.000 	0.000 
A,FC_E,C0350-0370,KTOE,LU	0.000 	0.000 	0.000 	0.000 	0.000 	0.000 	0.000 	0.000 	0.000 	0.000 	0.000 	0.000 
A,FC_E,C0350-0370,KTOE,LV	0.000 	0.000 	0.000 	0.000 	0.000 	0.000 	0.000 	0.000 	0.000 	0.000 	0.000 	0.000 
A,FC_E,C0350-0370,KTOE,MD	0.000 	0.000 	0.000 	0.000 	0.000 	0.000 	0.000 	0.000 	0.000 	0.000 	0.000 	: 
A,FC_E,C0350-0370,KTOE,ME	0.000 	0.000 	0.000 	0.000 	0.000 	0.000 	0.000 	0.000 	0.000 	0.000 	0.000 	: 
A,FC_E,C0350-0370,KTOE,MK	0.000 	0.000 	0.000 	0.000 	0.000 	0.000 	0.000 	0.000 	0.000 	0.000 	0.000 	: 
A,FC_E,C0350-0370,KTOE,MT	0.000 	0.000 	0.000 	0.000 	0.000 	0.000 	0.000 	0.000 	0.000 	0.000 	0.000 	0.000 
A,FC_E,C0350-0370,KTOE,NL	197.876 	203.951 	215.973 	220.664 	238.106 	212.985 	177.085 	191.520 	219.067 	296.335 	267.183 	299.123 
A,FC_E,C0350-0370,KTOE,NO	69.265 	70.173 	60.906 	51.209 	61.431 	66.519 	53.445 	51.941 	57.915 	66.741 	66.266 	: 
A,FC_E,C0350-0370,KTOE,PL	542.383 	595.765 	486.914 	462.377 	499.879 	469.239 	451.465 	392.970 	438.969 	377.550 	334.215 	346.011 
A,FC_E,C0350-0370,KTOE,PT	0.000 	0.000 	0.000 	0.000 	0.000 	0.000 	0.000 	0.000 	0.000 	0.000 	0.000 	0.000 
A,FC_E,C0350-0370,KTOE,RO	195.686 	173.641 	168.983 	158.976 	150.237 	148.013 	148.202 	145.021 	150.476 	123.713 	59.585 	41.098 
A,FC_E,C0350-0370,KTOE,RS	33.009 	46.647 	5.422 	8.790 	10.056 	19.082 	19.089 	13.688 	15.404 	24.850 	45.847 	: 
A,FC_E,C0350-0370,KTOE,SE	87.597 	85.469 	75.215 	90.972 	87.661 	77.365 	71.303 	75.924 	66.681 	76.526 	76.505 	82.146 
A,FC_E,C0350-0370,KTOE,SI	0.000 	0.000 	0.000 	0.000 	0.000 	0.000 	0.000 	0.000 	0.000 	0.000 	0.000 	0.000 
A,FC_E,C0350-0370,KTOE,SK	380.431 	413.879 	401.213 	427.988 	433.976 	441.218 	345.108 	290.733 	399.947 	436.130 	383.085 	340.986 
A,FC_E,C0350-0370,KTOE,TR	397.206 	441.540 	511.266 	461.711 	311.873 	360.600 	289.470 	423.768 	576.021 	563.332 	470.898 	: 
A,FC_E,C0350-0370,KTOE,UA	2948.667 	2670.307 	2172.838 	2280.926 	1757.524 	1797.564 	1780.131 	1711.517 	: 	: 	: 	: 
A,FC_E,C0350-0370,KTOE,UK	81.439 	76.015 	105.940 	82.882 	79.149 	66.332 	102.510 	: 	: 	: 	: 	: 
A,FC_E,C0350-0370,KTOE,XK	0.000 	0.000 	0.000 	0.000 	0.000 	0.000 	0.000 	0.000 	0.000 	0.000 	0.000 	: 
A,FC_E,E7000,KTOE,AL	592.777 	560.877 	507.051 	472.829 	512.164 	523.207 	531.636 	543.101 	573.146 	566.422 	558.424 	: 
A,FC_E,E7000,KTOE,AT	5258.030 	5176.188 	5258.302 	5342.923 	5424.138 	5455.284 	5461.080 	5371.567 	5601.980 	5497.872 	5361.104 	5439.435 
A,FC_E,E7000,KTOE,BA	: 	910.318 	917.885 	953.396 	980.052 	985.039 	945.228 	854.342 	931.212 	912.984 	887.274 	: 
A,FC_E,E7000,KTOE,BE	7073.414 	6920.335 	6969.407 	6999.269 	6994.850 	7035.348 	6943.792 	6716.801 	6868.426 	6552.502 	6360.327 	6613.947 
A,FC_E,E7000,KTOE,BG	2367.326 	2379.536 	2435.598 	2484.781 	2571.679 	2572.923 	2598.038 	2460.016 	2662.920 	2641.375 	2608.379 	2702.732 
A,FC_E,E7000,KTOE,CY	337.182 	340.966 	351.800 	378.283 	390.525 	401.088 	406.151 	376.341 	399.790 	417.756 	421.459 	454.323 
A,FC_E,E7000,KTOE,CZ	4575.838 	4575.752 	4684.179 	4802.408 	4936.132 	4995.930 	5022.911 	4909.718 	5158.196 	4984.601 	4785.505 	4725.127 
A,FC_E,E7000,KTOE,DE	44910.576 	44003.181 	44277.558 	44501.634 	44621.926 	43800.000 	42692.605 	41464.058 	42969.690 	41031.814 	39895.701 	40566.982 
A,FC_E,E7000,KTOE,DK	2674.635 	2646.174 	2649.097 	2673.624 	2671.837 	2639.039 	2644.018 	2601.728 	2772.896 	2649.465 	2619.359 	2739.709 
A,FC_E,E7000,KTOE,EE	586.414 	593.809 	589.166 	627.601 	621.882 	644.110 	629.144 	617.374 	677.866 	614.081 	516.062 	586.284 
A,FC_E,E7000,KTOE,EL	4195.271 	4256.234 	4366.896 	4588.392 	4640.535 	4253.667 	4316.191 	4086.790 	4234.088 	4138.275 	3939.512 	4257.874 
A,FC_E,E7000,KTOE,ES	19783.921 	19509.630 	19951.677 	19992.691 	20558.985 	20504.299 	20165.864 	18886.930 	19594.153 	19292.003 	19146.428 	19773.377 
A,FC_E,E7000,KTOE,EU27_2020	211567.973 	207106.300 	210606.680 	213268.151 	215366.455 	215364.443 	213024.414 	204976.120 	214147.228 	206872.984 	201207.247 	205722.376 
A,FC_E,E7000,KTOE,FI	6875.408 	6805.761 	6749.527 	6960.705 	6968.100 	7116.853 	6991.402 	6612.038 	7058.813 	6609.458 	6378.676 	6561.565 
A,FC_E,E7000,KTOE,FR	38772.003 	36578.005 	37405.988 	38069.076 	37778.625 	37584.029 	37119.931 	35370.543 	37217.315 	35621.338 	34178.828 	34244.572 
A,FC_E,E7000,KTOE,GE	780.224 	841.445 	851.763 	901.720 	963.758 	1026.423 	1036.913 	987.042 	1127.997 	1150.946 	: 	: 
A,FC_E,E7000,KTOE,HR	1295.959 	1275.408 	1319.261 	1315.563 	1373.921 	1390.817 	1389.114 	1308.289 	1418.349 	1396.793 	1402.752 	1437.061 
A,FC_E,E7000,KTOE,HU	2998.538 	2986.844 	3120.464 	3194.497 	3309.802 	3389.338 	3458.469 	3443.336 	3586.930 	3551.591 	3456.320 	3608.340 
A,FC_E,E7000,KTOE,IE	2137.714 	2133.661 	2217.439 	2268.047 	2289.772 	2396.215 	2442.300 	2460.972 	2572.611 	2607.153 	2714.162 	2825.267 
A,FC_E,E7000,KTOE,IS	1446.518 	1447.120 	1502.150 	1487.790 	1538.412 	1589.626 	1567.223 	1536.439 	1577.417 	1622.815 	1625.038 	: 
A,FC_E,E7000,KTOE,IT	24711.780 	24204.471 	24719.089 	24593.895 	25104.499 	25200.436 	25101.693 	23662.955 	25124.684 	24676.510 	23978.050 	24419.081 
A,FC_E,E7000,KTOE,LT	769.991 	794.239 	803.267 	838.349 	864.936 	894.093 	906.371 	890.396 	959.089 	916.836 	878.538 	930.052 
A,FC_E,E7000,KTOE,LU	532.978 	531.557 	535.144 	547.419 	549.723 	555.349 	550.039 	526.183 	549.687 	530.149 	520.839 	532.763 
A,FC_E,E7000,KTOE,LV	565.434 	565.950 	555.546 	557.352 	557.579 	572.841 	570.637 	560.942 	579.448 	555.846 	540.068 	560.013 
A,FC_E,E7000,KTOE,MD	313.414 	313.758 	316.939 	311.436 	318.487 	330.267 	327.859 	327.343 	354.944 	347.377 	339.192 	: 
A,FC_E,E7000,KTOE,ME	232.674 	224.420 	230.353 	229.665 	245.486 	244.764 	262.614 	243.173 	256.036 	223.929 	233.783 	: 
A,FC_E,E7000,KTOE,MK	584.781 	578.590 	570.507 	532.518 	524.662 	524.975 	536.601 	535.259 	564.441 	507.162 	480.276 	: 
A,FC_E,E7000,KTOE,MT	167.670 	172.399 	181.771 	182.049 	199.230 	205.302 	212.729 	203.168 	215.123 	231.756 	232.626 	246.229 
A,FC_E,E7000,KTOE,NL	8989.842 	8734.147 	8905.003 	8987.851 	9084.385 	9260.204 	9242.200 	9139.947 	9222.283 	8870.700 	8723.103 	9083.197 
A,FC_E,E7000,KTOE,NO	9581.585 	9374.491 	9590.014 	9848.200 	9892.763 	10065.882 	9992.030 	9990.527 	10512.015 	9884.176 	9916.018 	: 
A,FC_E,E7000,KTOE,PL	10623.990 	10777.857 	10990.423 	11422.055 	11675.658 	12078.139 	12073.221 	11807.526 	12354.854 	12025.427 	11464.103 	11993.015 
A,FC_E,E7000,KTOE,PT	3891.402 	3886.071 	3939.123 	3989.128 	4010.432 	4123.725 	4116.905 	3977.126 	4068.856 	4184.343 	4259.650 	4345.148 
A,FC_E,E7000,KTOE,RO	3493.379 	3603.181 	3699.914 	3719.433 	3843.413 	3918.013 	3918.595 	3785.421 	3959.437 	3674.145 	3587.615 	3694.752 
A,FC_E,E7000,KTOE,RS	2328.031 	2254.944 	2337.833 	2373.345 	2418.236 	2411.750 	2407.064 	2397.302 	2510.720 	2491.876 	2470.602 	: 
A,FC_E,E7000,KTOE,SE	10749.441 	10506.535 	10735.942 	10962.683 	10941.874 	10968.358 	10708.684 	10574.807 	10965.692 	10513.328 	10345.400 	10476.150 
A,FC_E,E7000,KTOE,SI	1073.001 	1071.281 	1099.570 	1119.948 	1163.358 	1179.034 	1176.208 	1113.599 	1157.233 	1121.401 	1063.532 	1064.280 
A,FC_E,E7000,KTOE,SK	2156.836 	2077.128 	2095.529 	2148.495 	2218.659 	2230.009 	2166.122 	2047.549 	2196.819 	1966.466 	1829.149 	1841.101 
A,FC_E,E7000,KTOE,TR	16867.412 	17664.832 	18443.766 	19619.089 	21143.117 	21920.415 	21771.914 	22246.320 	24298.134 	24271.700 	24538.903 	: 
A,FC_E,E7000,KTOE,UA	11825.537 	11039.295 	10231.212 	10098.022 	10091.625 	10202.356 	10033.440 	9760.138 	: 	: 	: 	: 
A,FC_E,E7000,KTOE,UK	27201.892 	26047.979 	26103.690 	26151.390 	25767.914 	25843.455 	25397.627 	: 	: 	: 	: 	: 
A,FC_E,E7000,KTOE,XK	399.398 	401.892 	397.420 	332.846 	373.042 	378.170 	405.293 	420.799 	498.885 	491.227 	470.344 	: 
A,FC_E,G3000,KTOE,AL	5.589 	6.836 	11.156 	10.035 	12.500 	7.380 	6.480 	6.479 	6.479 	5.900 	10.745 	: 
A,FC_E,G3000,KTOE,AT	4728.817 	4379.510 	4561.275 	4728.307 	4786.540 	4655.569 	4782.016 	4687.580 	4943.786 	4361.235 	3864.259 	3769.781 
A,FC_E,G3000,KTOE,BA	: 	111.113 	131.814 	135.877 	148.776 	148.066 	139.983 	125.194 	157.696 	155.869 	137.769 	: 
A,FC_E,G3000,KTOE,BE	9798.735 	8346.059 	8955.219 	9312.958 	9464.377 	9528.557 	9474.563 	9359.719 	10394.951 	8465.742 	8319.603 	8678.653 
A,FC_E,G3000,KTOE,BG	1155.946 	1178.714 	1299.653 	1300.577 	1352.784 	1301.770 	1145.600 	1162.107 	1316.819 	1110.782 	1013.592 	1098.628 
A,FC_E,G3000,KTOE,CY	0.000 	0.000 	0.000 	0.000 	0.000 	0.000 	0.000 	0.000 	0.000 	0.000 	0.000 	0.000 
A,FC_E,G3000,KTOE,CZ	5366.982 	4806.750 	5024.183 	5283.979 	5529.428 	5166.221 	5187.282 	5158.445 	5502.155 	4716.529 	4206.734 	4253.323 
A,FC_E,G3000,KTOE,DE	52845.562 	47428.560 	49302.236 	52415.565 	52772.205 	53196.069 	52364.088 	52063.999 	57149.148 	49720.475 	45683.363 	45028.242 
A,FC_E,G3000,KTOE,DK	1579.906 	1444.396 	1515.338 	1565.274 	1583.300 	1554.351 	1522.425 	1476.450 	1582.902 	1227.296 	1179.264 	1216.856 
A,FC_E,G3000,KTOE,EE	250.043 	223.839 	222.420 	252.429 	228.974 	253.112 	246.561 	249.087 	264.844 	178.315 	161.530 	177.483 
A,FC_E,G3000,KTOE,EL	907.550 	834.590 	968.847 	1047.506 	846.616 	811.551 	896.491 	1097.870 	1177.282 	1182.180 	1074.175 	1170.628 
A,FC_E,G3000,KTOE,ES	14792.343 	14301.207 	13642.911 	14108.113 	14291.408 	14910.125 	15149.484 	14614.761 	15515.609 	13222.706 	12845.507 	13459.644 
A,FC_E,G3000,KTOE,EU27_2020	209706.232 	186287.920 	193132.273 	200968.995 	202457.944 	202415.226 	199629.712 	195064.789 	214999.173 	183878.042 	171174.008 	172376.245 
A,FC_E,G3000,KTOE,FI	704.420 	670.771 	616.101 	602.436 	656.085 	628.288 	709.595 	702.909 	773.015 	620.184 	551.077 	571.371 
A,FC_E,G3000,KTOE,FR	33257.997 	27929.303 	28656.901 	30062.308 	29262.621 	28886.585 	28023.957 	26349.070 	28911.004 	24450.096 	22525.824 	22642.273 
A,FC_E,G3000,KTOE,GE	1020.703 	1232.854 	1289.483 	1291.354 	1406.288 	1392.751 	1517.518 	1575.896 	1776.734 	2021.021 	: 	: 
A,FC_E,G3000,KTOE,HR	993.272 	938.220 	977.236 	1031.003 	1081.412 	1075.985 	1094.600 	1100.120 	1163.156 	1048.174 	1015.936 	988.107 
A,FC_E,G3000,KTOE,HU	5333.749 	5002.236 	5293.358 	5539.940 	5709.351 	5570.077 	5481.406 	5689.875 	6084.179 	5195.077 	4514.854 	4489.617 
A,FC_E,G3000,KTOE,IE	1624.916 	1612.579 	1709.309 	1785.164 	1812.546 	1952.820 	1963.938 	1950.099 	1938.341 	1800.224 	1650.560 	1767.002 
A,FC_E,G3000,KTOE,IS	0.000 	0.000 	0.000 	0.000 	0.000 	0.000 	0.000 	0.000 	0.000 	0.000 	0.000 	: 
A,FC_E,G3000,KTOE,IT	35222.270 	30902.709 	32983.835 	33237.016 	33921.458 	33628.571 	33042.585 	31807.236 	36585.104 	31572.198 	29468.679 	29899.467 
A,FC_E,G3000,KTOE,LT	552.042 	522.034 	518.938 	551.268 	569.827 	596.943 	584.104 	582.797 	647.936 	585.775 	572.448 	576.520 
A,FC_E,G3000,KTOE,LU	601.281 	574.630 	602.274 	633.094 	623.545 	623.441 	623.363 	564.292 	607.539 	478.472 	459.127 	493.285 
A,FC_E,G3000,KTOE,LV	343.616 	326.655 	316.531 	321.257 	328.006 	344.481 	323.605 	322.927 	351.489 	297.519 	277.729 	284.320 
A,FC_E,G3000,KTOE,MD	351.376 	347.614 	353.697 	376.397 	385.912 	437.745 	422.848 	439.638 	532.911 	397.377 	322.223 	: 
A,FC_E,G3000,KTOE,ME	0.000 	0.000 	0.000 	0.000 	0.000 	0.000 	0.000 	0.000 	0.000 	0.000 	0.000 	: 
A,FC_E,G3000,KTOE,MK	26.978 	33.641 	31.492 	38.049 	44.088 	43.341 	43.149 	43.948 	52.462 	42.621 	46.776 	: 
A,FC_E,G3000,KTOE,MT	0.000 	0.000 	0.000 	0.000 	0.000 	0.000 	0.000 	0.000 	0.000 	0.000 	0.000 	0.000 
A,FC_E,G3000,KTOE,NL	19482.028 	15987.856 	16955.134 	17507.609 	17371.194 	17224.955 	16654.184 	15926.083 	17145.223 	13539.490 	12659.994 	12383.632 
A,FC_E,G3000,KTOE,NO	418.533 	415.956 	416.851 	411.319 	447.585 	404.523 	438.048 	376.497 	402.708 	377.420 	343.336 	: 
A,FC_E,G3000,KTOE,PL	8883.652 	8347.723 	8489.904 	9225.162 	9169.389 	9235.756 	9287.008 	9182.373 	10746.286 	9635.343 	9397.235 	9656.059 
A,FC_E,G3000,KTOE,PT	1566.681 	1547.721 	1614.736 	1635.545 	1740.837 	1803.923 	1814.878 	1692.837 	1871.611 	1696.235 	1644.312 	1670.914 
A,FC_E,G3000,KTOE,RO	5681.126 	5466.230 	5299.291 	5203.912 	5640.438 	5755.425 	5626.161 	5846.885 	6550.678 	5379.734 	5001.074 	4968.897 
A,FC_E,G3000,KTOE,RS	1002.128 	675.774 	743.900 	790.445 	943.221 	1037.949 	915.242 	845.900 	1092.014 	1133.034 	1064.045 	: 
A,FC_E,G3000,KTOE,SE	496.367 	528.654 	568.422 	460.533 	355.723 	464.954 	475.195 	471.085 	458.477 	390.490 	312.364 	327.664 
A,FC_E,G3000,KTOE,SI	540.628 	518.057 	557.954 	598.388 	610.331 	597.578 	591.747 	579.049 	616.623 	555.025 	522.941 	548.378 
A,FC_E,G3000,KTOE,SK	2996.303 	2468.917 	2480.267 	2559.652 	2749.549 	2648.119 	2564.876 	2427.134 	2701.016 	2448.746 	2251.827 	2255.501 
A,FC_E,G3000,KTOE,TR	18875.903 	19413.822 	21151.806 	21150.860 	24763.110 	24057.437 	25372.946 	25983.330 	29030.877 	29065.270 	27431.514 	: 
A,FC_E,G3000,KTOE,UA	20956.728 	18317.218 	13796.561 	13896.797 	13802.721 	13717.501 	12017.984 	11007.828 	: 	: 	: 	: 
A,FC_E,G3000,KTOE,UK	42686.414 	36384.367 	37700.113 	38664.196 	37810.065 	39474.713 	39311.416 	: 	: 	: 	: 	: 
A,FC_E,G3000,KTOE,XK	0.000 	0.000 	0.000 	0.000 	0.000 	0.000 	0.000 	0.000 	0.000 	0.000 	0.000 	: 
A,FC_E,H8000,KTOE,AL	0.000 	0.000 	0.000 	0.000 	0.000 	0.000 	0.000 	0.000 	0.000 	0.000 	0.000 	: 
A,FC_E,H8000,KTOE,AT	1727.186 	1597.816 	1660.358 	1732.028 	1801.457 	1708.110 	1704.869 	1718.092 	1878.911 	1700.242 	1660.996 	1680.467 
A,FC_E,H8000,KTOE,BA	: 	110.156 	124.152 	126.111 	127.257 	126.899 	122.480 	128.451 	131.700 	124.678 	121.119 	: 
A,FC_E,H8000,KTOE,BE	525.564 	488.753 	488.758 	469.846 	391.105 	425.449 	454.517 	443.105 	455.904 	396.556 	344.784 	317.371 
A,FC_E,H8000,KTOE,BG	907.208 	901.834 	817.976 	783.032 	658.588 	539.889 	540.902 	552.021 	575.219 	555.745 	544.080 	545.434 
A,FC_E,H8000,KTOE,CY	1.003 	1.075 	1.218 	1.194 	1.287 	1.286 	1.229 	0.887 	0.888 	0.959 	0.863 	0.814 
A,FC_E,H8000,KTOE,CZ	2282.029 	2010.103 	2030.978 	2105.283 	2138.784 	2070.133 	2029.548 	1980.026 	2153.554 	1973.915 	1732.813 	1684.575 
A,FC_E,H8000,KTOE,DE	10385.402 	9148.849 	9593.890 	9780.931 	9806.200 	9567.784 	9637.551 	8940.599 	9834.647 	8915.905 	8587.346 	8682.741 
A,FC_E,H8000,KTOE,DK	2547.650 	2315.181 	2464.189 	2552.373 	2573.207 	2571.706 	2513.111 	2446.325 	2688.443 	2462.331 	2541.808 	2592.150 
A,FC_E,H8000,KTOE,EE	466.036 	438.951 	430.615 	472.366 	475.877 	481.633 	464.460 	461.211 	479.197 	500.005 	484.725 	477.668 
A,FC_E,H8000,KTOE,EL	41.511 	49.513 	49.990 	39.744 	38.800 	40.894 	38.523 	39.944 	35.776 	27.383 	25.576 	24.090 
A,FC_E,H8000,KTOE,ES	0.000 	0.000 	0.000 	0.000 	0.000 	0.000 	0.000 	0.000 	0.000 	0.000 	0.000 	48.319 
A,FC_E,H8000,KTOE,EU27_2020	48118.944 	44507.668 	45110.400 	46872.897 	47102.680 	46023.715 	45944.767 	43889.644 	45630.771 	42202.644 	40433.489 	40271.290 
A,FC_E,H8000,KTOE,FI	4075.499 	3982.708 	3830.491 	4113.691 	4031.838 	4012.969 	3924.477 	3628.786 	4129.216 	3924.358 	3892.018 	3833.214 
A,FC_E,H8000,KTOE,FR	2951.530 	2797.295 	3101.148 	3477.220 	3601.244 	3515.605 	3703.142 	3591.082 	4160.578 	3988.235 	3756.224 	3697.592 
A,FC_E,H8000,KTOE,GE	0.000 	0.000 	0.000 	0.000 	0.000 	0.000 	0.000 	0.000 	0.000 	0.000 	: 	: 
A,FC_E,H8000,KTOE,HR	231.155 	193.011 	212.000 	222.461 	230.804 	225.803 	239.199 	253.112 	273.283 	248.206 	234.384 	221.981 
A,FC_E,H8000,KTOE,HU	1041.368 	906.683 	984.881 	1064.321 	1050.611 	983.735 	975.900 	986.219 	1063.915 	958.202 	863.953 	870.283 
A,FC_E,H8000,KTOE,IE	0.000 	0.000 	0.000 	0.000 	0.000 	0.000 	0.000 	0.000 	0.000 	0.000 	0.000 	0.000 
A,FC_E,H8000,KTOE,IS	534.872 	562.888 	600.697 	666.382 	643.600 	805.566 	729.862 	787.981 	798.387 	771.504 	806.005 	: 
A,FC_E,H8000,KTOE,IT	3701.968 	3746.895 	3851.366 	3950.010 	4113.852 	4102.855 	4154.982 	3878.961 	1547.464 	1493.806 	1429.741 	1531.621 
A,FC_E,H8000,KTOE,LT	847.616 	839.424 	798.390 	833.811 	920.632 	910.027 	845.873 	737.174 	893.093 	736.171 	708.274 	747.946 
A,FC_E,H8000,KTOE,LU	73.307 	55.637 	51.288 	52.573 	59.030 	66.769 	85.562 	120.577 	129.600 	113.915 	106.142 	115.624 
A,FC_E,H8000,KTOE,LV	518.248 	504.896 	503.989 	581.160 	604.779 	601.755 	580.976 	554.808 	643.488 	564.528 	523.886 	528.986 
A,FC_E,H8000,KTOE,MD	213.624 	209.874 	202.302 	214.078 	203.568 	214.078 	195.280 	189.309 	215.964 	180.161 	170.918 	: 
A,FC_E,H8000,KTOE,ME	0.000 	0.000 	0.000 	0.000 	0.000 	0.000 	0.000 	0.000 	0.000 	0.000 	0.000 	: 
A,FC_E,H8000,KTOE,MK	43.542 	40.413 	46.073 	46.050 	49.931 	46.530 	43.135 	46.095 	56.935 	44.174 	44.587 	: 
A,FC_E,H8000,KTOE,MT	0.024 	0.024 	0.143 	0.072 	0.000 	0.010 	0.021 	0.000 	0.000 	0.000 	0.000 	0.000 
A,FC_E,H8000,KTOE,NL	2693.322 	2605.689 	2265.244 	2202.618 	2094.766 	2003.503 	2075.748 	1903.611 	2009.661 	1846.786 	1644.491 	1714.595 
A,FC_E,H8000,KTOE,NO	409.176 	389.293 	420.707 	455.903 	476.442 	499.272 	497.673 	455.226 	558.120 	528.844 	591.268 	: 
A,FC_E,H8000,KTOE,PL	5953.807 	5446.666 	5462.262 	5669.127 	5817.119 	5595.129 	5577.338 	5602.444 	5974.038 	5625.620 	5197.535 	4968.154 
A,FC_E,H8000,KTOE,PT	351.939 	269.968 	243.647 	211.307 	205.515 	230.208 	247.219 	225.384 	200.528 	156.101 	97.909 	79.105 
A,FC_E,H8000,KTOE,RO	1413.896 	1269.012 	1273.407 	1283.486 	1263.638 	1244.053 	1102.964 	1022.004 	1037.570 	901.854 	835.151 	840.969 
A,FC_E,H8000,KTOE,RS	717.636 	620.760 	716.251 	729.674 	751.189 	738.425 	687.391 	752.049 	782.567 	701.760 	700.304 	: 
A,FC_E,H8000,KTOE,SE	4456.052 	4174.119 	4192.701 	4430.209 	4373.125 	4388.172 	4327.362 	4084.026 	4691.268 	4414.947 	4600.459 	4457.211 
A,FC_E,H8000,KTOE,SI	182.980 	153.936 	169.222 	174.501 	181.056 	175.428 	171.740 	172.982 	186.276 	161.238 	145.768 	145.705 
A,FC_E,H8000,KTOE,SK	742.644 	609.630 	632.249 	669.533 	669.366 	560.810 	547.554 	546.264 	588.254 	535.636 	474.563 	464.675 
A,FC_E,H8000,KTOE,TR	1212.525 	1156.253 	991.115 	927.654 	1034.220 	993.911 	1026.813 	1089.156 	1035.743 	939.302 	807.164 	: 
A,FC_E,H8000,KTOE,UA	11704.739 	8934.723 	7528.685 	8336.008 	7839.615 	7523.264 	7179.292 	7176.603 	: 	: 	: 	: 
A,FC_E,H8000,KTOE,UK	1192.414 	1154.748 	1236.465 	1239.335 	1270.792 	1267.381 	1244.228 	: 	: 	: 	: 	: 
A,FC_E,H8000,KTOE,XK	3.678 	4.084 	9.506 	13.447 	14.605 	14.772 	14.781 	17.738 	19.625 	19.499 	19.290 	: 
A,FC_E,N900H,KTOE,AL	: m	: m	: m	: m	: m	: m	: m	: m	: m	: m	: m	: 
A,FC_E,N900H,KTOE,AT	: m	: m	: m	: m	: m	: m	: m	: m	: m	: m	: m	: m
A,FC_E,N900H,KTOE,BA	: 	: m	: m	: m	: m	: m	: m	: m	: m	: m	: m	: 
A,FC_E,N900H,KTOE,BE	: m	: m	: m	: m	: m	: m	: m	: m	: m	: m	: m	: m
A,FC_E,N900H,KTOE,BG	: m	: m	: m	: m	: m	: m	: m	: m	: m	: m	: m	: m
A,FC_E,N900H,KTOE,CY	: m	: m	: m	: m	: m	: m	: m	: m	: m	: m	: m	: m
A,FC_E,N900H,KTOE,CZ	: m	: m	: m	: m	: m	: m	: m	: m	: m	: m	: m	: m
A,FC_E,N900H,KTOE,DE	: m	: m	: m	: m	: m	: m	: m	: m	: m	: m	: m	: m
A,FC_E,N900H,KTOE,DK	: m	: m	: m	: m	: m	: m	: m	: m	: m	: m	: m	: m
A,FC_E,N900H,KTOE,EE	: m	: m	: m	: m	: m	: m	: m	: m	: m	: m	: m	: m
A,FC_E,N900H,KTOE,EL	: m	: m	: m	: m	: m	: m	: m	: m	: m	: m	: m	: m
A,FC_E,N900H,KTOE,ES	: m	: m	: m	: m	: m	: m	: m	: m	: m	: m	: m	: m
A,FC_E,N900H,KTOE,FI	: m	: m	: m	: m	: m	: m	: m	: m	: m	: m	: m	: m
A,FC_E,N900H,KTOE,FR	: m	: m	: m	: m	: m	: m	: m	: m	: m	: m	: m	: m
A,FC_E,N900H,KTOE,GE	: m	: m	: m	: m	: m	: m	: m	: m	: m	: m	: 	: 
A,FC_E,N900H,KTOE,HR	: m	: m	: m	: m	: m	: m	: m	: m	: m	: m	: m	: m
A,FC_E,N900H,KTOE,HU	: m	: m	: m	: m	: m	: m	: m	: m	: m	: m	: m	: m
A,FC_E,N900H,KTOE,IE	: m	: m	: m	: m	: m	: m	: m	: m	: m	: m	: m	: m
A,FC_E,N900H,KTOE,IS	: m	: m	: m	: m	: m	: m	: m	: m	: m	: m	: m	: 
A,FC_E,N900H,KTOE,IT	: m	: m	: m	: m	: m	: m	: m	: m	: m	: m	: m	: m
A,FC_E,N900H,KTOE,LT	: m	: m	: m	: m	: m	: m	: m	: m	: m	: m	: m	: m
A,FC_E,N900H,KTOE,LU	: m	: m	: m	: m	: m	: m	: m	: m	: m	: m	: m	: m
A,FC_E,N900H,KTOE,LV	: m	: m	: m	: m	: m	: m	: m	: m	: m	: m	: m	: m
A,FC_E,N900H,KTOE,MD	: m	: m	: m	: m	: m	: m	: m	: m	: m	: m	: m	: 
A,FC_E,N900H,KTOE,ME	: m	: m	: m	: m	: m	: m	: m	: m	: m	: m	: m	: 
A,FC_E,N900H,KTOE,MK	: m	: m	: m	: m	: m	: m	: m	: m	: m	: m	: m	: 
A,FC_E,N900H,KTOE,MT	: m	: m	: m	: m	: m	: m	: m	: m	: m	: m	: m	: m
A,FC_E,N900H,KTOE,NL	: m	: m	: m	: m	: m	: m	: m	: m	: m	: m	: m	: m
A,FC_E,N900H,KTOE,NO	: m	: m	: m	: m	: m	: m	: m	: m	: m	: m	: m	: 
A,FC_E,N900H,KTOE,PL	: m	: m	: m	: m	: m	: m	: m	: m	: m	: m	: m	: m
A,FC_E,N900H,KTOE,PT	: m	: m	: m	: m	: m	: m	: m	: m	: m	: m	: m	: m
A,FC_E,N900H,KTOE,RO	: m	: m	: m	: m	: m	: m	: m	: m	: m	: m	: m	: m
A,FC_E,N900H,KTOE,RS	: m	: m	: m	: m	: m	: m	: m	: m	: m	: m	: m	: 
A,FC_E,N900H,KTOE,SE	: m	: m	: m	: m	: m	: m	: m	: m	: m	: m	: m	: m
A,FC_E,N900H,KTOE,SI	: m	: m	: m	: m	: m	: m	: m	: m	: m	: m	: m	: m
A,FC_E,N900H,KTOE,SK	: m	: m	: m	: m	: m	: m	: m	: m	: m	: m	: m	: m
A,FC_E,N900H,KTOE,TR	: m	: m	: m	: m	: m	: m	: m	: m	: m	: m	: m	: 
A,FC_E,N900H,KTOE,UA	: m	: m	: m	: m	: m	: m	: m	: m	: 	: 	: 	: 
A,FC_E,N900H,KTOE,UK	: m	: m	: m	: m	: m	: m	: m	: 	: 	: 	: 	: 
A,FC_E,N900H,KTOE,XK	: m	: m	: m	: m	: m	: m	: m	: m	: m	: m	: m	: 
A,FC_E,O4000XBIO,KTOE,AL	1083.115 	1174.298 	1103.230 	1091.773 	1176.753 	1081.972 	1101.217 	867.876 	937.393 	954.686 	871.766 	: 
A,FC_E,O4000XBIO,KTOE,AT	9198.966 	8884.901 	9072.564 	9277.997 	9490.563 	9447.219 	9470.003 	8465.779 	8859.720 	8455.808 	8014.534 	7650.013 
A,FC_E,O4000XBIO,KTOE,BA	: 	1201.431 	1255.954 	1451.213 	1475.349 	1436.026 	1498.510 	1390.078 	1570.119 	1509.663 	1517.821 	: 
A,FC_E,O4000XBIO,KTOE,BE	13867.408 	13207.960 	14190.917 	13818.460 	13328.186 	13348.000 	12814.032 	11832.141 	12374.549 	11998.662 	11911.913 	12056.247 
A,FC_E,O4000XBIO,KTOE,BG	2617.657 	2894.860 	3193.997 	3236.207 	3373.980 	3543.964 	3640.492 	3424.627 	3662.626 	3738.210 	3738.979 	3896.778 
A,FC_E,O4000XBIO,KTOE,CY	925.113 	919.638 	937.759 	975.140 	999.544 	949.683 	974.011 	877.077 	876.512 	887.875 	904.508 	921.752 
A,FC_E,O4000XBIO,KTOE,CZ	5893.374 	6153.849 	6420.255 	6484.703 	6634.261 	6700.554 	6745.385 	6359.864 	6789.031 	6936.578 	7108.858 	7371.463 
A,FC_E,O4000XBIO,KTOE,DE	75296.175 	73692.485 	73037.098 	73583.510 	73663.022 	70163.765 	72450.080 	67597.044 	62882.326 	64186.076 	61598.655 	60599.945 
A,FC_E,O4000XBIO,KTOE,DK	5226.932 	5120.193 	5186.982 	5295.549 	5334.021 	5367.407 	5258.791 	4917.126 	5001.267 	5051.361 	4899.443 	4407.283 
A,FC_E,O4000XBIO,KTOE,EE	921.453 	932.291 	965.431 	978.019 	987.340 	990.321 	978.391 	907.961 	890.668 	944.163 	942.287 	1011.600 
A,FC_E,O4000XBIO,KTOE,EL	7928.891 	8031.938 	8566.953 	8616.199 	8329.243 	8071.870 	8235.008 	7351.318 	7448.481 	8332.695 	8149.625 	8346.942 
A,FC_E,O4000XBIO,KTOE,ES	35717.897 	35238.755 	36718.331 	37951.765 	38805.804 	39542.316 	39481.929 	32556.575 	36784.343 	38527.700 	37138.160 	37927.745 
A,FC_E,O4000XBIO,KTOE,EU27_2020	339648.338 	334340.983 	339464.005 	344114.559 	346870.948 	345332.236 	346647.257 	310556.467 	326182.557 	332410.592 	326111.477 	328658.094 
A,FC_E,O4000XBIO,KTOE,FI	6444.361 	6024.601 	5951.291 	6394.866 	6129.899 	6133.444 	5931.554 	5588.929 	5309.652 	5261.802 	4910.416 	5021.277 
A,FC_E,O4000XBIO,KTOE,FR	59137.809 	57020.728 	57461.864 	56876.637 	56730.273 	55205.308 	54529.085 	47749.461 	52659.608 	52807.134 	50681.915 	50730.183 
A,FC_E,O4000XBIO,KTOE,GE	895.268 	952.150 	1091.430 	1317.569 	1184.224 	1152.531 	1206.235 	1168.139 	1261.466 	1266.090 	: 	: 
A,FC_E,O4000XBIO,KTOE,HR	2559.639 	2494.921 	2629.973 	2695.117 	2849.914 	2753.969 	2741.889 	2452.721 	2595.250 	2795.737 	3105.275 	3356.685 
A,FC_E,O4000XBIO,KTOE,HU	4155.837 	4549.981 	4963.523 	5022.485 	5299.743 	5660.919 	5873.447 	5270.607 	5711.827 	5917.621 	5502.329 	5468.880 
A,FC_E,O4000XBIO,KTOE,IE	5566.395 	5494.568 	5603.630 	5877.593 	5776.760 	5968.571 	5929.196 	5454.911 	5559.811 	5634.131 	5601.275 	5620.586 
A,FC_E,O4000XBIO,KTOE,IS	529.994 	544.332 	545.139 	536.656 	549.655 	558.696 	538.689 	474.855 	507.772 	518.480 	504.531 	: 
A,FC_E,O4000XBIO,KTOE,IT	40769.015 	41248.873 	41171.807 	40531.714 	38265.108 	39397.988 	38919.938 	32230.636 	38249.056 	40239.131 	40217.377 	40917.903 
A,FC_E,O4000XBIO,KTOE,LT	1555.327 	1719.009 	1785.673 	1911.884 	2004.672 	2121.232 	2207.542 	2149.020 	2142.058 	2132.189 	2195.650 	2278.221 
A,FC_E,O4000XBIO,KTOE,LU	2372.817 	2242.276 	2146.071 	2089.349 	2147.719 	2262.722 	2309.167 	1819.318 	1916.639 	1667.922 	1627.177 	1549.675 
A,FC_E,O4000XBIO,KTOE,LV	1174.169 	1214.237 	1265.748 	1272.907 	1340.077 	1345.942 	1334.464 	1283.737 	1321.215 	1315.962 	1333.772 	1245.301 
A,FC_E,O4000XBIO,KTOE,MD	701.097 	716.148 	757.670 	807.825 	837.963 	874.623 	905.217 	858.448 	942.324 	933.959 	925.423 	: 
A,FC_E,O4000XBIO,KTOE,ME	235.420 	232.694 	251.301 	279.809 	309.882 	327.614 	343.938 	299.172 	374.762 	373.676 	372.960 	: 
A,FC_E,O4000XBIO,KTOE,MK	804.903 	800.869 	854.221 	903.753 	910.731 	906.830 	980.194 	903.097 	984.999 	966.278 	984.541 	: 
A,FC_E,O4000XBIO,KTOE,MT	242.371 	249.498 	267.006 	263.113 	269.152 	281.140 	301.271 	261.203 	276.633 	322.718 	306.085 	313.292 
A,FC_E,O4000XBIO,KTOE,NL	14228.684 	13383.318 	13494.784 	13846.417 	14010.274 	14090.429 	13661.437 	12496.061 	12344.118 	12083.002 	12418.611 	12460.621 
A,FC_E,O4000XBIO,KTOE,NO	6625.642 	6582.202 	6549.440 	6427.805 	6230.415 	6299.974 	6050.372 	5832.775 	5989.691 	6055.837 	5860.730 	: 
A,FC_E,O4000XBIO,KTOE,PL	18039.601 	17979.240 	18645.538 	20944.192 	24134.599 	24843.170 	25426.775 	24384.458 	26175.513 	26287.070 	26431.092 	26475.858 
A,FC_E,O4000XBIO,KTOE,PT	6792.670 	6855.325 	6900.085 	6928.269 	7061.706 	7079.636 	7173.431 	6250.025 	6515.556 	6862.654 	7162.253 	7060.277 
A,FC_E,O4000XBIO,KTOE,RO	6401.581 	6589.990 	6768.390 	7068.552 	7571.555 	7876.257 	8257.951 	7925.892 	8449.610 	8997.946 	9351.533 	9545.373 
A,FC_E,O4000XBIO,KTOE,RS	2584.262 	2596.315 	2540.677 	2625.187 	2653.926 	2661.550 	2832.262 	2608.464 	2914.768 	3240.342 	3115.654 	: 
A,FC_E,O4000XBIO,KTOE,SE	8289.750 	7969.965 	7897.680 	7623.552 	7422.940 	7130.971 	7049.758 	6511.363 	6633.265 	6004.874 	5997.720 	7225.088 
A,FC_E,O4000XBIO,KTOE,SI	2217.148 	2157.326 	2140.619 	2258.250 	2271.029 	2269.949 	2188.421 	1860.541 	2023.070 	2226.063 	2095.260 	2199.938 
A,FC_E,O4000XBIO,KTOE,SK	2107.298 	2070.257 	2080.036 	2292.113 	2639.564 	2785.490 	2763.809 	2578.072 	2730.153 	2795.508 	2766.775 	2720.705 
A,FC_E,O4000XBIO,KTOE,TR	24563.786 	25861.101 	28671.118 	30767.238 	36218.259 	36239.054 	35289.374 	34559.310 	37042.075 	37491.316 	39929.990 	: 
A,FC_E,O4000XBIO,KTOE,UA	11286.376 	9643.496 	8726.194 	8945.443 	9025.891 	9149.107 	9761.517 	8612.265 	: 	: 	: 	: 
A,FC_E,O4000XBIO,KTOE,UK	45916.996 	46443.693 	47758.996 	48636.319 	49020.731 	48387.497 	47462.758 	: 	: 	: 	: 	: 
A,FC_E,O4000XBIO,KTOE,XK	459.975 	511.943 	621.419 	620.867 	669.740 	682.479 	699.336 	686.631 	739.480 	684.419 	739.927 	: 
A,FC_E,P1000,KTOE,AL	0.000 	0.000 	0.000 	0.000 	0.000 	0.000 	0.000 	0.000 	0.000 	0.000 	0.000 	: 
A,FC_E,P1000,KTOE,AT	0.210 	0.210 	0.210 	0.000 	0.000 	0.000 	0.000 	0.000 	0.000 	0.000 	0.000 	0.000 
A,FC_E,P1000,KTOE,BA	: 	0.000 	0.000 	0.000 	0.000 	0.000 	0.000 	0.000 	0.000 	0.000 	0.000 	: 
A,FC_E,P1000,KTOE,BE	0.000 	0.000 	0.000 	0.000 	0.000 	0.000 	0.000 	0.000 	0.000 	0.000 	0.000 	0.000 
A,FC_E,P1000,KTOE,BG	0.000 	0.000 	0.000 	0.000 	0.000 	0.000 	0.000 	0.000 	0.000 	0.000 	0.000 	0.000 
A,FC_E,P1000,KTOE,CY	0.000 	0.000 	0.000 	0.000 	0.000 	0.000 	0.000 	0.000 	0.000 	0.000 	0.000 	0.000 
A,FC_E,P1000,KTOE,CZ	0.000 	0.000 	0.000 	0.000 	0.000 	0.000 	0.000 	0.000 	0.000 	0.000 	0.000 	0.000 
A,FC_E,P1000,KTOE,DE	0.000 	0.000 	0.000 	0.000 	0.000 	0.000 	0.000 	0.000 	0.000 	0.000 	0.000 	0.000 
A,FC_E,P1000,KTOE,DK	0.000 	0.000 	0.000 	0.000 	0.000 	0.000 	0.000 	0.000 	0.000 	0.000 	0.000 	0.000 
A,FC_E,P1000,KTOE,EE	4.720 	4.357 	3.267 	1.700 	0.000 	0.000 	0.000 	0.000 	0.000 	1.939 	2.290 	0.888 
A,FC_E,P1000,KTOE,EL	0.000 	0.000 	0.000 	0.000 	0.000 	0.000 	0.000 	0.000 	0.000 	0.000 	0.000 	0.000 
A,FC_E,P1000,KTOE,ES	0.000 	0.000 	0.000 	0.000 	0.000 	0.000 	0.000 	0.000 	0.000 	0.000 	0.000 	0.000 
A,FC_E,P1000,KTOE,EU27_2020	490.807 	483.665 	459.346 	446.178 	432.658 	462.112 	435.331 	379.126 	358.102 	304.884 	253.868 	248.705 
A,FC_E,P1000,KTOE,FI	223.063 	239.227 	224.438 	211.272 	204.238 	218.373 	209.708 	154.902 	139.888 	101.800 	81.113 	90.268 
A,FC_E,P1000,KTOE,FR	0.000 	0.000 	0.000 	0.000 	0.000 	0.000 	0.000 	0.000 	0.000 	0.000 	0.000 	0.000 
A,FC_E,P1000,KTOE,GE	0.000 	0.000 	0.000 	0.000 	0.000 	0.000 	0.000 	0.000 	0.000 	0.000 	: 	: 
A,FC_E,P1000,KTOE,HR	0.000 	0.000 	0.000 	0.000 	0.000 	0.000 	0.000 	0.000 	0.000 	0.000 	0.000 	0.000 
A,FC_E,P1000,KTOE,HU	0.000 	0.000 	0.000 	0.000 	0.000 	0.000 	0.000 	0.000 	0.000 	0.368 	0.000 	0.000 
A,FC_E,P1000,KTOE,IE	218.144 	200.301 	201.005 	197.304 	188.705 	196.957 	183.493 	189.346 	180.370 	160.568 	139.771 	127.704 
A,FC_E,P1000,KTOE,IS	0.000 	0.000 	0.000 	0.000 	0.000 	0.000 	0.000 	0.000 	0.000 	0.000 	0.000 	: 
A,FC_E,P1000,KTOE,IT	0.000 	0.000 	0.000 	0.000 	0.000 	0.000 	0.000 	0.000 	0.000 	0.000 	0.000 	0.000 
A,FC_E,P1000,KTOE,LT	30.021 	26.247 	18.645 	22.381 	24.248 	28.072 	21.923 	14.521 	17.280 	19.962 	13.324 	7.582 
A,FC_E,P1000,KTOE,LU	0.000 	0.000 	0.000 	0.000 	0.000 	0.000 	0.000 	0.000 	0.000 	0.000 	0.000 	0.000 
A,FC_E,P1000,KTOE,LV	0.480 	0.720 	0.240 	0.720 	0.285 	0.758 	0.897 	0.672 	1.123 	0.923 	1.319 	2.685 
A,FC_E,P1000,KTOE,MD	0.000 	0.000 	0.284 	0.000 	0.000 	0.000 	0.000 	0.000 	0.000 	0.085 	0.000 	: 
A,FC_E,P1000,KTOE,ME	0.000 	0.000 	0.000 	0.000 	0.000 	0.000 	0.000 	0.000 	0.000 	0.000 	0.000 	: 
A,FC_E,P1000,KTOE,MK	0.000 	0.000 	0.000 	0.000 	0.000 	0.000 	0.000 	0.000 	0.000 	0.000 	0.000 	: 
A,FC_E,P1000,KTOE,MT	0.000 	0.000 	0.000 	0.000 	0.000 	0.000 	0.000 	0.000 	0.000 	0.000 	0.000 	0.000 
A,FC_E,P1000,KTOE,NL	0.000 	0.000 	0.000 	0.000 	0.000 	0.000 	0.000 	0.000 	0.000 	0.000 	0.000 	0.000 
A,FC_E,P1000,KTOE,NO	0.000 	0.000 	0.000 	0.000 	0.000 	0.000 	0.000 	0.000 	0.000 	0.000 	0.000 	: 
A,FC_E,P1000,KTOE,PL	0.000 	0.000 	0.000 	0.000 	0.000 	0.000 	0.000 	0.000 	0.000 	0.000 	0.000 	0.000 
A,FC_E,P1000,KTOE,PT	0.000 	0.000 	0.000 	0.000 	0.000 	0.000 	0.000 	0.000 	0.000 	0.000 	0.000 	0.000 
A,FC_E,P1000,KTOE,RO	7.978 	6.928 	8.188 	9.448 	11.829 	14.857 	14.667 	16.332 	17.635 	18.034 	14.761 	18.857 
A,FC_E,P1000,KTOE,RS	0.000 	0.000 	0.000 	0.000 	0.000 	0.000 	0.000 	0.000 	0.000 	0.000 	0.000 	: 
A,FC_E,P1000,KTOE,SE	6.191 	5.675 	3.353 	3.353 	3.353 	3.095 	4.643 	3.353 	1.806 	1.290 	1.290 	0.721 
A,FC_E,P1000,KTOE,SI	0.000 	0.000 	0.000 	0.000 	0.000 	0.000 	0.000 	0.000 	0.000 	0.000 	0.000 	0.000 
A,FC_E,P1000,KTOE,SK	0.000 	0.000 	0.000 	0.000 	0.000 	0.000 	0.000 	0.000 	0.000 	0.000 	0.000 	0.000 
A,FC_E,P1000,KTOE,TR	0.000 	0.000 	0.000 	0.000 	0.000 	0.000 	0.000 	0.000 	0.000 	0.000 	0.000 	: 
A,FC_E,P1000,KTOE,UA	67.993 	23.911 	48.365 	64.570 	124.103 	109.122 	140.268 	35.295 	: 	: 	: 	: 
A,FC_E,P1000,KTOE,UK	0.000 	0.000 	0.000 	0.000 	0.000 	0.000 	0.000 	: 	: 	: 	: 	: 
A,FC_E,P1000,KTOE,XK	0.000 	0.000 	0.000 	0.000 	0.000 	0.000 	0.000 	0.000 	0.000 	0.000 	0.000 	: 
A,FC_E,RA000,KTOE,AL	213.385 	231.414 	246.971 	274.980 	254.363 	282.559 	290.201 	272.546 	268.415 	288.404 	298.236 	: 
A,FC_E,RA000,KTOE,AT	4218.962 	4059.297 	4251.901 	4289.878 	4301.873 	4103.680 	4155.989 	4092.573 	4553.715 	4536.933 	4838.421 	4919.532 
A,FC_E,RA000,KTOE,BA	: 	396.054 	500.717 	497.746 	401.377 	1126.835 	1175.125 	1240.461 	1185.701 	1281.220 	1225.980 	: 
A,FC_E,RA000,KTOE,BE	1826.347 	1737.549 	1687.888 	1963.627 	1969.105 	1989.318 	1968.810 	2133.938 	2473.391 	2481.128 	2524.443 	2481.097 
A,FC_E,RA000,KTOE,BG	1254.901 	1196.208 	1291.912 	1347.743 	1378.638 	1400.175 	1424.833 	1550.242 	1479.728 	1476.037 	1392.344 	1281.231 
A,FC_E,RA000,KTOE,CY	107.958 	105.904 	117.142 	120.154 	135.657 	192.633 	197.276 	222.822 	227.250 	225.892 	218.920 	212.456 
A,FC_E,RA000,KTOE,CZ	2679.405 	2779.043 	2833.232 	2905.948 	2931.386 	2996.358 	3242.387 	3378.053 	3651.136 	3582.852 	3375.584 	3373.461 
A,FC_E,RA000,KTOE,DE	16948.110 	15526.945 	15582.999 	15387.890 	15779.610 	16459.765 	16648.554 	17164.247 	17988.432 	18857.166 	16936.822 	16893.734 
A,FC_E,RA000,KTOE,DK	1464.808 	1445.079 	1603.985 	1692.541 	1670.326 	1659.791 	1634.686 	1631.587 	1709.244 	1492.827 	1590.338 	1615.074 
A,FC_E,RA000,KTOE,EE	477.740 	482.311 	488.779 	417.847 	435.600 	461.260 	440.191 	477.333 	474.693 	480.376 	454.961 	759.686 
A,FC_E,RA000,KTOE,EL	1382.747 	1399.472 	1499.362 	1349.959 	1657.662 	1682.022 	1702.512 	1726.924 	1832.664 	1666.234 	1786.578 	1783.451 
A,FC_E,RA000,KTOE,ES	5034.179 	5404.212 	5679.973 	5611.156 	5965.061 	6532.144 	6744.114 	6471.178 	6733.478 	7061.498 	8042.363 	7864.789 
A,FC_E,RA000,KTOE,EU27_2020	90892.636 	86919.248 	90559.525 	92007.802 	98308.746 	103138.532 	104583.738 	104060.292 	111487.339 	109964.996 	109550.818 	109142.490 
A,FC_E,RA000,KTOE,FI	4962.381 	5411.764 	5383.238 	5412.794 	6375.118 	6592.765 	6753.922 	6275.654 	7080.884 	6347.835 	6392.640 	6260.601 
A,FC_E,RA000,KTOE,FR	14374.355 	12656.086 	13514.862 	14649.020 	14779.004 	14928.239 	15273.925 	14312.791 	16603.217 	16044.169 	16775.314 	16953.478 
A,FC_E,RA000,KTOE,GE	494.650 	479.913 	414.708 	404.748 	382.072 	289.697 	264.847 	244.896 	253.618 	226.967 	: 	: 
A,FC_E,RA000,KTOE,HR	1261.510 	1115.484 	1255.842 	1191.752 	1169.291 	1147.926 	1152.332 	1174.296 	1283.560 	1103.449 	1049.461 	1020.585 
A,FC_E,RA000,KTOE,HU	2426.135 	2073.935 	2176.201 	2156.501 	2094.514 	1887.324 	1846.845 	1922.069 	2047.284 	2073.295 	2031.676 	2012.898 
A,FC_E,RA000,KTOE,IE	330.595 	378.396 	395.342 	397.154 	457.721 	457.521 	481.512 	477.454 	479.536 	540.790 	626.772 	696.935 
A,FC_E,RA000,KTOE,IS	97.748 	98.619 	107.634 	110.539 	117.289 	124.990 	98.721 	70.464 	99.693 	105.750 	106.290 	: 
A,FC_E,RA000,KTOE,IT	8498.169 	7453.299 	8364.717 	8042.766 	11312.725 	10959.962 	10912.230 	10660.269 	11720.577 	10732.017 	10388.198 	10216.945 
A,FC_E,RA000,KTOE,LT	732.583 	705.450 	696.704 	687.986 	693.180 	743.930 	724.694 	775.432 	841.620 	827.142 	845.472 	977.821 
A,FC_E,RA000,KTOE,LU	104.869 	125.288 	137.235 	147.559 	167.715 	173.122 	163.351 	178.103 	175.997 	174.616 	170.980 	187.820 
A,FC_E,RA000,KTOE,LV	1018.544 	1045.214 	940.847 	892.147 	981.378 	1071.851 	1035.321 	1000.474 	1020.601 	1027.308 	1026.556 	1064.682 
A,FC_E,RA000,KTOE,MD	576.607 	617.383 	630.905 	678.769 	744.810 	746.327 	627.612 	588.530 	621.684 	522.582 	522.516 	: 
A,FC_E,RA000,KTOE,ME	167.617 	164.202 	169.552 	166.829 	163.867 	150.683 	146.527 	148.104 	156.779 	149.503 	150.550 	: 
A,FC_E,RA000,KTOE,MK	230.887 	241.522 	234.195 	199.184 	231.570 	198.295 	207.344 	215.280 	218.081 	209.722 	192.275 	: 
A,FC_E,RA000,KTOE,MT	11.049 	13.795 	13.423 	13.526 	23.998 	27.937 	31.407 	36.382 	34.535 	39.117 	41.300 	42.770 
A,FC_E,RA000,KTOE,NL	1184.426 	1314.772 	1302.163 	1272.554 	1416.125 	1768.819 	1991.598 	1985.453 	2137.374 	2161.780 	2190.815 	2658.027 
A,FC_E,RA000,KTOE,NO	1643.244 	1477.202 	1570.200 	1723.638 	2004.100 	1933.646 	2103.779 	2107.174 	2240.665 	2299.691 	2294.240 	: 
A,FC_E,RA000,KTOE,PL	5714.676 	5414.545 	5569.728 	5680.813 	5951.432 	9348.273 	9215.938 	9040.968 	8998.462 	8867.177 	8714.324 	8863.584 
A,FC_E,RA000,KTOE,PT	2216.722 	2727.343 	2784.451 	2773.300 	2775.565 	2817.740 	2904.002 	2904.946 	3016.097 	3178.541 	3213.374 	3201.905 
A,FC_E,RA000,KTOE,RO	3708.028 	3623.777 	3533.399 	3683.738 	3778.585 	3700.102 	3831.610 	3846.443 	4061.502 	3942.054 	3830.065 	3656.446 
A,FC_E,RA000,KTOE,RS	1031.504 	1037.666 	1040.962 	1043.136 	1052.034 	1053.637 	1103.377 	1580.098 	1645.609 	1631.252 	1628.006 	: 
A,FC_E,RA000,KTOE,SE	7127.430 	7202.660 	7548.082 	8002.804 	8202.634 	8237.271 	8214.126 	8826.094 	8831.437 	9173.288 	9370.257 	8501.059 
A,FC_E,RA000,KTOE,SI	722.420 	636.337 	685.157 	684.258 	670.506 	658.710 	660.661 	645.274 	720.478 	625.461 	636.788 	627.112 
A,FC_E,RA000,KTOE,SK	1103.587 	885.083 	1220.961 	1232.387 	1234.337 	1139.894 	1230.912 	1149.293 	1310.447 	1246.014 	1086.052 	1015.311 
A,FC_E,RA000,KTOE,TR	5913.466 	5546.981 	5673.963 	5442.376 	5210.561 	4569.068 	4450.343 	4463.134 	4462.489 	4525.896 	5651.837 	: 
A,FC_E,RA000,KTOE,UA	1123.246 	1201.373 	1283.000 	1724.056 	1833.161 	1945.184 	2087.178 	2079.728 	: 	: 	: 	: 
A,FC_E,RA000,KTOE,UK	3489.224 	3714.183 	4748.782 	4968.954 	5004.825 	5708.656 	6200.096 	: 	: 	: 	: 	: 
A,FC_E,RA000,KTOE,XK	247.946 	251.767 	263.758 	366.222 	371.502 	377.513 	375.191 	372.044 	367.768 	261.838 	259.821 	: 
A,FC_E,S2000,KTOE,AL	0.000 	0.000 	0.000 	0.000 	0.000 	0.000 	0.000 	0.000 	0.000 	0.000 	0.000 	: 
A,FC_E,S2000,KTOE,AT	0.000 	0.000 	0.000 	0.000 	0.000 	0.000 	0.000 	0.000 	0.000 	0.000 	0.000 	0.000 
A,FC_E,S2000,KTOE,BA	: 	0.000 	0.000 	0.000 	0.000 	0.000 	0.000 	0.000 	0.000 	0.000 	0.000 	: 
A,FC_E,S2000,KTOE,BE	0.000 	0.000 	0.000 	0.000 	0.000 	0.000 	0.000 	0.000 	0.000 	0.000 	0.000 	0.000 
A,FC_E,S2000,KTOE,BG	0.000 	0.000 	0.000 	0.000 	0.000 	0.000 	0.000 	0.000 	0.000 	0.000 	0.000 	0.000 
A,FC_E,S2000,KTOE,CY	0.000 	0.000 	0.000 	0.000 	0.000 	0.000 	0.000 	0.000 	0.000 	0.000 	0.000 	0.000 
A,FC_E,S2000,KTOE,CZ	0.000 	0.000 	0.000 	0.000 	0.000 	0.000 	0.000 	0.000 	0.000 	0.000 	0.000 	0.000 
A,FC_E,S2000,KTOE,DE	0.000 	0.000 	0.000 	0.000 	0.000 	0.000 	0.000 	0.000 	0.000 	0.000 	0.000 	0.000 
A,FC_E,S2000,KTOE,DK	0.000 	0.000 	0.000 	0.000 	0.000 	0.000 	0.000 	0.000 	0.000 	0.000 	0.000 	0.000 
A,FC_E,S2000,KTOE,EE	36.274 	33.911 	14.961 	9.738 	19.981 	22.423 	19.881 	1.380 	0.000 	0.000 	0.000 	0.000 
A,FC_E,S2000,KTOE,EL	0.000 	0.000 	0.000 	0.000 	0.000 	0.000 	0.000 	0.000 	0.000 	0.000 	0.000 	0.000 
A,FC_E,S2000,KTOE,ES	0.000 	0.000 	0.000 	0.000 	0.000 	0.000 	0.000 	0.000 	0.000 	0.000 	0.000 	0.000 
A,FC_E,S2000,KTOE,EU27_2020	36.274 	33.911 	14.961 	9.738 	19.981 	22.423 	19.881 	1.380 	0.000 	0.000 	0.000 	0.000 
A,FC_E,S2000,KTOE,FI	0.000 	0.000 	0.000 	0.000 	0.000 	0.000 	0.000 	0.000 	0.000 	0.000 	0.000 	0.000 
A,FC_E,S2000,KTOE,FR	0.000 	0.000 	0.000 	0.000 	0.000 	0.000 	0.000 	0.000 	0.000 	0.000 	0.000 	0.000 
A,FC_E,S2000,KTOE,GE	0.000 	0.000 	0.000 	0.000 	0.000 	0.000 	0.000 	0.000 	0.000 	0.000 	: 	: 
A,FC_E,S2000,KTOE,HR	0.000 	0.000 	0.000 	0.000 	0.000 	0.000 	0.000 	0.000 	0.000 	0.000 	0.000 	0.000 
A,FC_E,S2000,KTOE,HU	0.000 	0.000 	0.000 	0.000 	0.000 	0.000 	0.000 	0.000 	0.000 	0.000 	0.000 	0.000 
A,FC_E,S2000,KTOE,IE	0.000 	0.000 	0.000 	0.000 	0.000 	0.000 	0.000 	0.000 	0.000 	0.000 	0.000 	0.000 
A,FC_E,S2000,KTOE,IS	0.000 	0.000 	0.000 	0.000 	0.000 	0.000 	0.000 	0.000 	0.000 	0.000 	0.000 	: 
A,FC_E,S2000,KTOE,IT	0.000 	0.000 	0.000 	0.000 	0.000 	0.000 	0.000 	0.000 	0.000 	0.000 	0.000 	0.000 
A,FC_E,S2000,KTOE,LT	0.000 	0.000 	0.000 	0.000 	0.000 	0.000 	0.000 	0.000 	0.000 	0.000 	0.000 	0.000 
A,FC_E,S2000,KTOE,LU	0.000 	0.000 	0.000 	0.000 	0.000 	0.000 	0.000 	0.000 	0.000 	0.000 	0.000 	0.000 
A,FC_E,S2000,KTOE,LV	0.000 	0.000 	0.000 	0.000 	0.000 	0.000 	0.000 	0.000 	0.000 	0.000 	0.000 	0.000 
A,FC_E,S2000,KTOE,MD	0.000 	0.000 	0.000 	0.000 	0.000 	0.000 	0.000 	0.000 	0.000 	0.000 	0.000 	: 
A,FC_E,S2000,KTOE,ME	0.000 	0.000 	0.000 	0.000 	0.000 	0.000 	0.000 	0.000 	0.000 	0.000 	0.000 	: 
A,FC_E,S2000,KTOE,MK	0.000 	0.000 	0.000 	0.000 	0.000 	0.000 	0.000 	0.000 	0.000 	0.000 	0.000 	: 
A,FC_E,S2000,KTOE,MT	0.000 	0.000 	0.000 	0.000 	0.000 	0.000 	0.000 	0.000 	0.000 	0.000 	0.000 	0.000 
A,FC_E,S2000,KTOE,NL	0.000 	0.000 	0.000 	0.000 	0.000 	0.000 	0.000 	0.000 	0.000 	0.000 	0.000 	0.000 
A,FC_E,S2000,KTOE,NO	0.000 	0.000 	0.000 	0.000 	0.000 	0.000 	0.000 	0.000 	0.000 	0.000 	0.000 	: 
A,FC_E,S2000,KTOE,PL	0.000 	0.000 	0.000 	0.000 	0.000 	0.000 	0.000 	0.000 	0.000 	0.000 	0.000 	0.000 
A,FC_E,S2000,KTOE,PT	0.000 	0.000 	0.000 	0.000 	0.000 	0.000 	0.000 	0.000 	0.000 	0.000 	0.000 	0.000 
A,FC_E,S2000,KTOE,RO	0.000 	0.000 	0.000 	0.000 	0.000 	0.000 	0.000 	0.000 	0.000 	0.000 	0.000 	0.000 
A,FC_E,S2000,KTOE,RS	0.000 	0.000 	0.000 	0.000 	0.000 	0.000 	0.000 	0.000 	0.000 	0.000 	0.000 	: 
A,FC_E,S2000,KTOE,SE	0.000 	0.000 	0.000 	0.000 	0.000 	0.000 	0.000 	0.000 	0.000 	0.000 	0.000 	0.000 
A,FC_E,S2000,KTOE,SI	0.000 	0.000 	0.000 	0.000 	0.000 	0.000 	0.000 	0.000 	0.000 	0.000 	0.000 	0.000 
A,FC_E,S2000,KTOE,SK	0.000 	0.000 	0.000 	0.000 	0.000 	0.000 	0.000 	0.000 	0.000 	0.000 	0.000 	0.000 
A,FC_E,S2000,KTOE,TR	0.000 	0.000 	0.000 	0.000 	0.000 	0.000 	0.000 	0.000 	0.000 	0.000 	0.000 	: 
A,FC_E,S2000,KTOE,UA	0.000 	0.000 	0.000 	0.000 	0.000 	0.000 	0.000 	0.000 	: 	: 	: 	: 
A,FC_E,S2000,KTOE,UK	0.000 	0.000 	0.000 	0.000 	0.000 	0.000 	0.000 	: 	: 	: 	: 	: 
A,FC_E,S2000,KTOE,XK	0.000 	0.000 	0.000 	0.000 	0.000 	0.000 	0.000 	0.000 	0.000 	0.000 	0.000 	: 
A,FC_E,TOTAL,KTOE,AL	1961.871 	2058.574 	1962.498 	1899.558 	2078.928 	2134.212 	2053.036 	1840.668 	2012.504 	1958.847 	1883.500 	: 
A,FC_E,TOTAL,KTOE,AT	25801.476 	24760.998 	25475.009 	26099.472 	26502.780 	26042.437 	26221.621 	25006.898 	26434.142 	25171.124 	24317.760 	24018.564 
A,FC_E,TOTAL,KTOE,BA	: 	3103.624 	3316.907 	3543.934 	3497.933 	4211.931 	4207.688 	4024.489 	4305.320 	4290.012 	4140.181 	: 
A,FC_E,TOTAL,KTOE,BE	34011.623 	31552.075 	33134.556 	33384.527 	32929.156 	33138.244 	32438.375 	31155.401 	33307.465 	30522.671 	30043.254 	30741.348 
A,FC_E,TOTAL,KTOE,BG	8680.757 	8881.501 	9388.553 	9517.949 	9745.903 	9757.670 	9719.600 	9499.659 	10165.770 	9856.902 	9607.139 	9845.891 
A,FC_E,TOTAL,KTOE,CY	1372.455 	1377.348 	1423.923 	1490.606 	1551.546 	1581.273 	1626.652 	1525.932 	1584.965 	1609.596 	1619.051 	1658.100 
A,FC_E,TOTAL,KTOE,CZ	23131.377 	22445.593 	23100.094 	23695.026 	24445.396 	24190.964 	24227.514 	23765.017 	25296.928 	24143.402 	22730.008 	22593.373 
A,FC_E,TOTAL,KTOE,DE	208057.421 	197229.019 	200031.296 	203666.981 	204512.293 	200684.593 	200804.342 	194248.055 	197419.082 	189698.421 	179048.225 	177645.951 
A,FC_E,TOTAL,KTOE,DK	13645.528 	13121.444 	13558.927 	13926.869 	13999.863 	13971.010 	13725.140 	13233.152 	13930.625 	13024.947 	12957.952 	12665.800 
A,FC_E,TOTAL,KTOE,EE	2840.316 	2774.349 	2750.345 	2794.835 	2807.413 	2888.098 	2826.061 	2725.496 	2789.658 	2720.738 	2565.334 	3014.924 
A,FC_E,TOTAL,KTOE,EL	14668.337 	14804.112 	15741.021 	15867.950 	15708.524 	15141.636 	15386.999 	14470.268 	14911.940 	15417.864 	15036.022 	15620.817 
A,FC_E,TOTAL,KTOE,ES	76055.579 	75143.582 	76669.118 	78375.479 	80418.551 	82275.356 	82204.334 	73117.836 	79280.131 	78882.862 	77903.440 	79776.408 
A,FC_E,TOTAL,KTOE,EU27_2020	933578.419 	891486.285 	911400.782 	930266.129 	943245.875 	944798.569 	939202.557 	887020.014 	940945.170 	901761.760 	872091.980 	877913.579 
A,FC_E,TOTAL,KTOE,FI	23561.862 	23416.963 	23049.777 	24030.895 	24677.948 	25023.526 	24828.655 	23246.091 	24805.313 	23156.731 	22434.316 	22524.256 
A,FC_E,TOTAL,KTOE,FR	150084.794 	138464.130 	141654.105 	144673.408 	143692.884 	141706.899 	140050.040 	128595.500 	141001.031 	134137.527 	129009.684 	129266.767 
A,FC_E,TOTAL,KTOE,GE	3505.236 	3796.823 	3919.153 	4165.671 	4212.400 	4155.102 	4266.538 	4188.821 	4643.943 	4900.447 	: 	: 
A,FC_E,TOTAL,KTOE,HR	6467.843 	6130.555 	6484.974 	6533.115 	6793.042 	6682.876 	6726.814 	6432.449 	6887.646 	6719.174 	6924.509 	7171.381 
A,FC_E,TOTAL,KTOE,HU	16255.431 	15775.708 	16829.628 	17274.354 	17874.513 	17849.381 	17968.801 	17606.514 	18793.605 	17944.792 	16541.255 	16607.210 
A,FC_E,TOTAL,KTOE,IE	10234.498 	10176.021 	10497.166 	10902.445 	10850.673 	11310.582 	11292.038 	10827.140 	11020.030 	10961.758 	10927.583 	11228.741 
A,FC_E,TOTAL,KTOE,IS	2706.726 	2739.703 	2848.624 	2801.368 	2848.956 	3078.878 	2934.494 	2869.740 	2983.268 	3018.550 	3041.864 	: 
A,FC_E,TOTAL,KTOE,IT	114053.675 	108848.350 	112108.171 	111554.603 	113611.214 	114296.937 	113119.475 	103057.147 	113918.826 	109406.478 	106153.181 	107677.785 
A,FC_E,TOTAL,KTOE,LT	4712.305 	4800.537 	4779.510 	5003.215 	5239.082 	5466.581 	5460.021 	5284.212 	5662.351 	5376.688 	5324.074 	5628.651 
A,FC_E,TOTAL,KTOE,LU	3753.122 	3596.761 	3534.819 	3533.953 	3608.658 	3738.069 	3792.055 	3269.667 	3439.394 	3026.663 	2922.882 	2908.057 
A,FC_E,TOTAL,KTOE,LV	3732.245 	3776.066 	3680.167 	3697.443 	3874.906 	4024.431 	3924.309 	3797.762 	3980.096 	3822.636 	3765.623 	3737.501 
A,FC_E,TOTAL,KTOE,MD	2294.391 	2295.133 	2357.098 	2457.919 	2589.822 	2684.563 	2580.369 	2480.676 	2759.055 	2443.491 	2333.894 	: 
A,FC_E,TOTAL,KTOE,ME	640.991 	628.575 	662.644 	688.761 	728.889 	729.633 	760.625 	696.840 	796.294 	752.609 	761.868 	: 
A,FC_E,TOTAL,KTOE,MK	1814.802 	1797.481 	1837.589 	1847.733 	1858.961 	1832.761 	1937.818 	1814.178 	1968.999 	1804.859 	1781.485 	: 
A,FC_E,TOTAL,KTOE,MT	421.114 	435.716 	462.343 	458.759 	492.380 	514.389 	545.428 	500.753 	526.291 	593.590 	580.011 	602.290 
A,FC_E,TOTAL,KTOE,NL	46898.823 	42352.359 	43375.392 	44338.017 	44529.147 	44855.586 	44071.203 	41865.153 	43258.235 	38931.591 	38031.703 	38793.368 
A,FC_E,TOTAL,KTOE,NO	19306.574 	18872.169 	19168.292 	19534.437 	19702.222 	19834.024 	19727.636 	19437.659 	20412.631 	19803.652 	19608.253 	: 
A,FC_E,TOTAL,KTOE,PL	62106.169 	60203.259 	60861.845 	65136.154 	69224.990 	73050.047 	71854.502 	70178.230 	74143.292 	70863.416 	69040.540 	69052.439 
A,FC_E,TOTAL,KTOE,PT	14908.318 	15386.388 	15550.875 	15640.739 	15900.697 	16152.622 	16354.725 	15156.570 	15772.048 	16170.756 	16467.763 	16456.334 
A,FC_E,TOTAL,KTOE,RO	21631.325 	21470.367 	21600.240 	21935.250 	22980.154 	23444.791 	23712.653 	23472.380 	25279.750 	23923.243 	23329.354 	23375.481 
A,FC_E,TOTAL,KTOE,RS	8201.681 	7681.742 	7885.890 	8206.334 	8363.238 	8435.035 	8387.520 	8715.951 	9268.268 	9491.229 	9302.605 	: 
A,FC_E,TOTAL,KTOE,SE	31581.916 	30841.813 	31412.090 	31946.371 	31761.618 	31640.993 	31196.158 	30924.411 	32058.517 	30993.729 	31095.993 	31321.746 
A,FC_E,TOTAL,KTOE,SI	4802.228 	4607.657 	4721.534 	4903.500 	4973.996 	4969.575 	4882.087 	4447.190 	4769.706 	4760.845 	4529.882 	4646.955 
A,FC_E,TOTAL,KTOE,SK	10107.882 	9113.614 	9525.304 	9884.214 	10538.548 	10400.003 	10242.955 	9611.131 	10508.333 	9923.616 	9185.442 	9054.977 
A,FC_E,TOTAL,KTOE,TR	78466.784 	80844.293 	86846.978 	90317.972 	100511.818 	98633.029 	99100.378 	101143.571 	109801.743 	108196.107 	110242.861 	: 
A,FC_E,TOTAL,KTOE,UA	65144.066 	57893.824 	47488.152 	48826.188 	47345.792 	48417.734 	46886.431 	44184.237 	: 	: 	: 	: 
A,FC_E,TOTAL,KTOE,UK	123395.413 	116594.037 	120063.341 	121886.092 	120950.747 	122583.690 	121414.483 	: 	: 	: 	: 	: 
A,FC_E,TOTAL,KTOE,XK	1167.578 	1230.700 	1339.928 	1433.037 	1516.064 	1471.026 	1515.131 	1524.673 	1659.361 	1486.689 	1523.623 	: 
A,FC_E,W6100_6220,KTOE,AL	0.000 	0.000 	0.000 	0.000 	0.000 	0.000 	0.000 	0.000 	0.000 	0.000 	0.000 	: 
A,FC_E,W6100_6220,KTOE,AT	228.612 	239.495 	236.925 	267.386 	264.591 	273.815 	243.123 	246.005 	244.110 	276.160 	254.685 	239.665 
A,FC_E,W6100_6220,KTOE,BA	: 	0.000 	0.000 	0.000 	0.000 	0.000 	0.000 	0.000 	0.000 	0.000 	0.000 	: 
A,FC_E,W6100_6220,KTOE,BE	180.668 	177.916 	171.128 	167.094 	134.721 	150.685 	159.267 	150.084 	153.676 	147.277 	143.823 	153.076 
A,FC_E,W6100_6220,KTOE,BG	13.447 	13.089 	18.272 	31.504 	38.629 	43.642 	57.242 	58.501 	67.549 	70.154 	69.512 	71.197 
A,FC_E,W6100_6220,KTOE,CY	1.075 	7.548 	12.324 	15.835 	21.553 	22.969 	30.786 	34.802 	40.421 	46.520 	45.908 	56.062 
A,FC_E,W6100_6220,KTOE,CZ	163.657 	196.857 	221.553 	246.274 	241.147 	284.850 	296.601 	299.878 	296.606 	287.823 	230.749 	245.741 
A,FC_E,W6100_6220,KTOE,DE	1005.923 	1017.770 	1026.225 	1132.416 	1126.684 	1244.674 	1273.717 	1296.336 	1291.511 	1239.467 	1152.264 	1117.130 
A,FC_E,W6100_6220,KTOE,DK	21.233 	24.073 	21.563 	25.626 	35.930 	45.145 	43.422 	40.631 	36.850 	43.442 	42.004 	51.211 
A,FC_E,W6100_6220,KTOE,EE	57.920 	16.886 	18.845 	17.627 	16.694 	8.966 	17.444 	3.836 	0.305 	0.263 	0.263 	0.837 
A,FC_E,W6100_6220,KTOE,EL	0.000 	0.000 	64.536 	27.539 	0.000 	0.000 	0.000 	0.000 	0.000 	0.000 	0.000 	0.000 
A,FC_E,W6100_6220,KTOE,ES	152.926 	170.214 	164.101 	209.212 	219.618 	226.439 	217.270 	193.396 	143.446 	261.000 	280.414 	309.091 
A,FC_E,W6100_6220,KTOE,EU27_2020	3467.360 	3660.319 	3719.936 	4177.899 	4201.809 	4611.718 	4743.913 	4946.661 	4944.102 	5105.689 	4891.939 	4897.040 
A,FC_E,W6100_6220,KTOE,FI	52.713 	55.436 	48.677 	51.137 	54.170 	53.191 	49.322 	50.396 	52.498 	57.060 	45.285 	32.364 
A,FC_E,W6100_6220,KTOE,FR	446.067 	431.232 	401.843 	461.208 	416.680 	427.665 	449.702 	384.948 	480.071 	529.782 	511.621 	526.051 
A,FC_E,W6100_6220,KTOE,GE	0.000 	0.000 	0.000 	0.000 	0.000 	0.000 	0.000 	0.000 	0.000 	0.000 	: 	: 
A,FC_E,W6100_6220,KTOE,HR	8.742 	10.151 	9.315 	10.151 	11.529 	19.530 	26.963 	38.939 	45.178 	46.217 	49.429 	83.823 
A,FC_E,W6100_6220,KTOE,HU	33.438 	48.390 	59.592 	64.106 	78.891 	99.718 	116.485 	115.769 	141.540 	113.715 	90.069 	89.066 
A,FC_E,W6100_6220,KTOE,IE	38.528 	41.581 	43.983 	41.707 	56.862 	54.733 	56.673 	53.605 	53.923 	58.388 	74.820 	72.438 
A,FC_E,W6100_6220,KTOE,IS	0.000 	0.000 	0.000 	0.000 	0.000 	0.000 	0.000 	0.000 	0.000 	0.000 	0.000 	: 
A,FC_E,W6100_6220,KTOE,IT	280.883 	271.926 	268.558 	276.464 	245.146 	252.225 	283.596 	312.516 	292.161 	298.567 	313.395 	334.477 
A,FC_E,W6100_6220,KTOE,LT	0.000 	0.000 	0.000 	0.000 	0.000 	1.051 	2.006 	1.600 	2.603 	2.580 	12.468 	23.741 
A,FC_E,W6100_6220,KTOE,LU	15.310 	15.286 	13.591 	13.031 	13.810 	14.906 	14.815 	23.338 	20.566 	20.984 	15.838 	9.130 
A,FC_E,W6100_6220,KTOE,LV	52.928 	65.300 	55.006 	36.687 	26.104 	45.249 	42.628 	52.620 	47.328 	50.048 	51.514 	43.520 
A,FC_E,W6100_6220,KTOE,MD	0.000 	0.000 	0.000 	0.000 	0.000 	0.000 	0.000 	0.000 	0.000 	0.000 	0.000 	: 
A,FC_E,W6100_6220,KTOE,ME	0.000 	0.000 	0.000 	0.000 	0.000 	0.000 	0.000 	0.000 	0.000 	0.000 	0.000 	: 
A,FC_E,W6100_6220,KTOE,MK	0.000 	0.000 	0.000 	0.000 	0.000 	0.000 	0.000 	0.000 	0.000 	0.000 	0.000 	: 
A,FC_E,W6100_6220,KTOE,MT	0.000 	0.000 	0.000 	0.000 	0.000 	0.000 	0.000 	0.000 	0.000 	0.000 	0.000 	0.000 
A,FC_E,W6100_6220,KTOE,NL	40.819 	40.914 	45.733 	62.736 	61.131 	59.435 	55.785 	51.039 	38.480 	39.638 	42.453 	34.361 
A,FC_E,W6100_6220,KTOE,NO	88.634 	96.937 	95.220 	95.131 	90.687 	101.440 	101.495 	103.215 	96.454 	94.752 	85.188 	: 
A,FC_E,W6100_6220,KTOE,PL	433.816 	495.199 	486.362 	636.835 	722.994 	807.435 	820.102 	812.123 	767.661 	779.554 	741.054 	771.810 
A,FC_E,W6100_6220,KTOE,PT	70.436 	86.056 	55.866 	90.475 	95.643 	87.239 	87.492 	96.557 	89.420 	86.093 	85.298 	92.577 
A,FC_E,W6100_6220,KTOE,RO	40.174 	69.241 	71.749 	78.485 	92.687 	170.903 	152.758 	281.615 	318.802 	331.508 	330.716 	330.327 
A,FC_E,W6100_6220,KTOE,RS	0.000 	0.406 	0.502 	0.525 	0.575 	0.654 	0.640 	0.766 	0.760 	0.751 	0.702 	: 
A,FC_E,W6100_6220,KTOE,SE	0.000 	0.000 	0.000 	0.000 	0.000 	0.000 	0.000 	85.220 	89.854 	85.507 	88.612 	9.762 
A,FC_E,W6100_6220,KTOE,SI	18.128 	25.198 	29.712 	31.886 	39.149 	47.768 	53.344 	47.396 	44.939 	44.083 	46.343 	45.695 
A,FC_E,W6100_6220,KTOE,SK	109.917 	140.561 	174.477 	182.478 	187.446 	169.485 	193.370 	215.511 	184.604 	189.859 	173.402 	153.888 
A,FC_E,W6100_6220,KTOE,TR	0.000 	0.000 	0.000 	0.000 	0.000 	832.995 	867.999 	911.000 	1077.256 	1128.804 	1192.301 	: 
A,FC_E,W6100_6220,KTOE,UA	0.000 	0.000 	0.000 	0.000 	0.000 	0.000 	0.000 	100.005 	: 	: 	: 	: 
A,FC_E,W6100_6220,KTOE,UK	139.080 	143.116 	112.473 	100.148 	125.991 	131.461 	130.768 	: 	: 	: 	: 	: 
A,FC_E,W6100_6220,KTOE,XK	0.000 	0.000 	0.000 	0.000 	0.000 	0.000 	0.000 	0.000 	0.000 	0.000 	0.000 	: 
